id,resource_type,label,source_url,host,lessons,legacy_source_files,local_matches,suggested_action,status,new_url,notes
resource-0001,link,click here,https://www.transformationteam.net/donationstt,www.transformationteam.net,1;11,tc11b.php;ttcourse01b.php,legacy-archive|exact-stem|/mnt/c/datasources/transformation-team-site/archive/original-httpdocs/donationstt.php,review-local-page-candidate,needs-review,,
resource-0002,link,Click Here,https://www.transformationteam.net/course_registration,www.transformationteam.net,1,ttcourse01b.php,legacy-archive|exact-stem|/mnt/c/datasources/transformation-team-site/archive/original-httpdocs/course_registration.php,review-local-page-candidate,needs-review,,
resource-0003,link,community networking portal,http://www.gatheringspot.net,www.gatheringspot.net,1,ttcourse01b.php,,review-external-link,needs-review,,
resource-0004,media-file,Flower of Life,https://www.personalgrowthcourses.net/images/tekafloweroflife.jpg,www.personalgrowthcourses.net,1,ttcourse01b.php,,review-legacy-hosted,needs-review,,
resource-0005,media-file,Heart into World,https://www.personalgrowthcourses.net/images/heartworld.gif,www.personalgrowthcourses.net,1,ttcourse01a.php,,review-legacy-hosted,needs-review,,
resource-0006,link,http://www.challengeday.org,http://www.challengeday.org,www.challengeday.org,1,ttcourse01b.php,,review-external-link,needs-review,,
resource-0007,link,http://www.idealist.org,http://www.idealist.org,www.idealist.org,1;5,ttcourse01b.php;ttlesson05b.php,,review-external-link,needs-review,,
resource-0008,link,http://www.thelovefoundation.com,http://www.thelovefoundation.com,www.thelovefoundation.com,1,ttcourse01b.php,,review-external-link,needs-review,,
resource-0009,link,http://www.wheretheheckismatt.com,http://www.wheretheheckismatt.com,www.wheretheheckismatt.com,1,ttcourse01b.php,,review-external-link,needs-review,,
resource-0010,link,https://www.momentoflove.org,https://www.momentoflove.org,www.momentoflove.org,1;11;17,tc11b.php;trfc17a.php;ttcourse01a.php,,review-external-link,needs-review,,
resource-0011,link,https://www.momentoflove.org/circlesoflove,https://www.momentoflove.org/circlesoflove,www.momentoflove.org,1,ttcourse01b.php,,review-external-link,needs-review,,
resource-0012,link,https://www.momentoflove.org/inspiringnewsarticles,https://www.momentoflove.org/inspiringnewsarticles,www.momentoflove.org,1;17,trfc17b.php;ttcourse01b.php,,review-external-link,needs-review,,
resource-0013,link,https://www.personalgrowthcourses.net/stories/dontjudgeabook1,https://www.personalgrowthcourses.net/stories/dontjudgeabook1,www.personalgrowthcourses.net,1;11,tc11b.php;ttcourse01a.php,legacy-archive|exact-stem|/mnt/c/datasources/transformation-team-site/archive/original-httpdocs/stories/dontjudgeabook1.php,review-local-page-candidate,needs-review,,
resource-0014,media,https://www.personalgrowthcourses.net/video/challenge_day_pgc,https://www.personalgrowthcourses.net/video/challenge_day_pgc,www.personalgrowthcourses.net,1;11,tc11b.php;ttcourse01b.php,,review-legacy-hosted,needs-review,,
resource-0015,media,https://www.personalgrowthcourses.net/video/dancing_matt_pgc,https://www.personalgrowthcourses.net/video/dancing_matt_pgc,www.personalgrowthcourses.net,1;11,tc11b.php;ttcourse01a.php,,review-legacy-hosted,needs-review,,
resource-0016,media,https://www.personalgrowthcourses.net/video/every_one_of_us_pgc,https://www.personalgrowthcourses.net/video/every_one_of_us_pgc,www.personalgrowthcourses.net,1;11,tc11b.php;ttcourse01a.php,,review-legacy-hosted,needs-review,,
resource-0017,link,Oprah Show,http://www.oprah.com/oprahshow/Lisa-Lings-Breaks-Down-High-School-Barriers-Video,www.oprah.com,1,ttcourse01b.php,,review-external-link,needs-review,,
resource-0018,media-file,peace_ideal_moron_cuts.jpg,https://www.personalgrowthcourses.net/sacred_cows/peace_ideal_moron_cuts.jpg,www.personalgrowthcourses.net,1,ttcourse01a.php,,review-legacy-hosted,needs-review,,
resource-0019,link,soulconnection.net,https://web.archive.org/web/20191001115619/https://www.soulconnection.net/,web.archive.org,1;7;9;10;13;19;21,tc09b.php;tc10b.php;tc13b.php;trfc19b.php;trfc21b.php;trfc21c.php;ttcourse01b.php;ttlesson07b.php,,review-archived-link,needs-review,,
resource-0020,link,Spyder Webb,https://universityofmetaphysics.com/dr-spyder-webb-ph-d/,universityofmetaphysics.com,1;2;3;4;5;6;7;8;9;10;11;12;13;14;15;16;17;18;19;20;21,tc09a.php;tc10a.php;tc11b.php;tc12a.php;tc13a.php;trf14a.php;trf15b.php;trf16a.php;trfc17a.php;trfc18a.php;trfc19a.php;trfc20a.php;trfc21c.php;ttcourse01a.php;ttcourse02a.php;ttcourse03a.php;ttlesson04a.php;ttlesson05a.php;ttlesson06b.php;ttlesson07a.php;ttlesson08a.php,,review-external-link,needs-review,,
resource-0021,link,The Little Prince,http://www.amazon.com/Little-Prince-Antoine-Saint-Exup%C3%A9ry/dp/0156012197/ref=pd_bbs_2/105-8477226-4271649?tag=wanttinfo-20&ie=UTF8&s=books&qid=1192035568&sr=1-2,www.amazon.com,1,ttcourse01b.php,,review-external-link,needs-review,,
resource-0022,media-file,waterfalls.jpg,https://www.personalgrowthcourses.net/images/waterfalls.jpg,www.personalgrowthcourses.net,1,ttcourse01b.php,,review-legacy-hosted,needs-review,,
resource-0023,link,click here,https://www.inspiringcommunity.org/inspiringstories0712wildernessmiraclecandledarknessworld#4,www.inspiringcommunity.org,2,ttcourse02b.php,,review-external-link,needs-review,,
resource-0024,link,Click Here,http://support.personalgrowthcourses.net/user/me/edit/Transformation+Course+-+Lesson+02,support.personalgrowthcourses.net,2,ttcourse02b.php,,review-external-link,needs-review,,
resource-0025,link,clicking here,https://www.WantToKnow.info/subscribe,www.wanttoknow.info,2,ttcourse02b.php,,review-external-link,needs-review,,
resource-0026,link,created by the military,http://en.wikipedia.org/wiki/Defense_Advanced_Research_Projects_Agency,en.wikipedia.org,2,ttcourse02b.php,,review-external-link,needs-review,,
resource-0027,media-file,Earth Prayer,https://www.personalgrowthcourses.net/images/earthprayer.jpg,www.personalgrowthcourses.net,2,ttcourse02b.php,,review-legacy-hosted,needs-review,,
resource-0028,link,encourage openness,https://www.WantToKnow.info,www.wanttoknow.info,2;17,trfc17a.php;ttcourse02b.php,,review-external-link,needs-review,,
resource-0029,link,http://www.dailygood.org,http://www.dailygood.org/,www.dailygood.org,2,ttcourse02b.php,,review-external-link,needs-review,,
resource-0030,link,https://www.personalgrowthcourses.net/stories/power_of_nightmares,https://www.personalgrowthcourses.net/stories/power_of_nightmares,www.personalgrowthcourses.net,2;11,tc11b.php;ttcourse02b.php,WTKvideos|exact-stem|/mnt/c/datasources/WTKvideos/POWER_OF_NIGHTMARES.mp4,review-local-video-candidate,needs-review,,
resource-0031,media,https://www.personalgrowthcourses.net/video/baby_laughing_pgc,https://www.personalgrowthcourses.net/video/baby_laughing_pgc,www.personalgrowthcourses.net,2;11,tc11b.php;ttcourse02b.php,,review-legacy-hosted,needs-review,,
resource-0032,media,https://www.personalgrowthcourses.net/video/martin_luther_king_jr...,https://www.personalgrowthcourses.net/video/martin_luther_king_jr_mlk_assassination_video,www.personalgrowthcourses.net,2;11,tc11b.php;ttcourse02a.php,,review-legacy-hosted,needs-review,,
resource-0033,media,https://www.personalgrowthcourses.net/video/metaphormosis_pgc,https://www.personalgrowthcourses.net/video/metaphormosis_pgc,www.personalgrowthcourses.net,2;11,tc11b.php;ttcourse02b.php,,review-legacy-hosted,needs-review,,
resource-0034,link,https://www.WantToKnow.info/mediacorruption,https://www.WantToKnow.info/mediacorruption,www.wanttoknow.info,2;11,tc11b.php;ttcourse02a.php;ttcourse02b.php,,review-external-link,needs-review,,
resource-0035,link,https://www.WantToKnow.info/mediainformation,https://www.WantToKnow.info/mediainformation,www.wanttoknow.info,2,ttcourse02b.php,,review-external-link,needs-review,,
resource-0036,link,https://www.WantToKnow.info/unconstitutionalcivil...,https://www.WantToKnow.info/unconstitutionalcivillibertiesloss,www.wanttoknow.info,2,ttcourse02b.php,,review-external-link,needs-review,,
resource-0037,link,Katharine Graham,https://www.WantToKnow.info/secrecygraham,www.wanttoknow.info,2,ttcourse02a.php;ttcourse02b.php,,review-external-link,needs-review,,
resource-0038,link,many groups,http://www.google.com/search?q=%22media+activist%22,www.google.com,2,ttcourse02b.php,,review-external-link,needs-review,,
resource-0039,media-file,Media Ownership Chart,https://www.personalgrowthcourses.net/images/media-ownership.gif,www.personalgrowthcourses.net,2,ttcourse02b.php,,review-legacy-hosted,needs-review,,
resource-0040,media-file,media-confusedman.gif,https://www.personalgrowthcourses.net/images/media-confusedman.gif,www.personalgrowthcourses.net,2,ttcourse02a.php,,review-legacy-hosted,needs-review,,
resource-0041,media-file,newspaper_monitor.jpg,https://www.personalgrowthcourses.net/images/newspaper_monitor.jpg,www.personalgrowthcourses.net,2,ttcourse02b.php,,review-legacy-hosted,needs-review,,
resource-0042,link,political and media representatives,https://www.WantToKnow.info/contactmediapoliticalrepresentatives,www.wanttoknow.info,2;4;6;8;10;12;14,tc10b.php;tc12b.php;trf14b.php;ttcourse02b.php;ttlesson04b.php;ttlesson06b.php;ttlesson08b.php,,review-external-link,needs-review,,
resource-0043,link,projectcensored.org,http://www.projectcensored.org,www.projectcensored.org,2,ttcourse02b.php,,review-external-link,needs-review,,
resource-0044,link,quality websites,https://www.WantToKnow.info/resources#uncensored,www.wanttoknow.info,2,ttcourse02b.php,,review-external-link,needs-review,,
resource-0045,media-file,same_old_news.jpg,https://www.personalgrowthcourses.net/sacred_cows/same_old_news.jpg,www.personalgrowthcourses.net,2,ttcourse02a.php,,review-legacy-hosted,needs-review,,
resource-0046,link,www.personalgrowthcourses.net,https://www.personalgrowthcourses.net/,www.personalgrowthcourses.net,2;21,trfc21c.php;ttcourse02b.php,,review-legacy-hosted,needs-review,,
resource-0047,link,www.WantToKnow.info/mass_media/censored/project-censored-2017,https://www.wanttoknow.info/mass_media/censored/project-censored-2017,www.wanttoknow.info,2,ttcourse02b.php,,review-external-link,needs-review,,
resource-0048,media-file,boss_unhappy_you.jpg,https://www.personalgrowthcourses.net/sacred_cows/boss_unhappy_you.jpg,www.personalgrowthcourses.net,3,ttcourse03a.php,,review-legacy-hosted,needs-review,,
resource-0049,link,Click Here,http://support.personalgrowthcourses.net/user/me/edit/Transformation+Course+-+Lesson+03,support.personalgrowthcourses.net,3,ttcourse03b.php,,review-external-link,needs-review,,
resource-0050,media-file,Heart Hands,https://www.personalgrowthcourses.net/images/heart-hands.jpg,www.personalgrowthcourses.net,3,ttcourse03b.php,,review-legacy-hosted,needs-review,,
resource-0051,link,http://www.actsofkindness.org,http://www.actsofkindness.org,www.actsofkindness.org,3,ttcourse03b.php,,review-external-link,needs-review,,
resource-0052,link,http://www.amazon...,http://www.amazon.com/exec/obidos/ASIN/1572242086/qid%3D1109939371?tag=wanttinfo-20,www.amazon.com,3,ttcourse03b.php,,review-external-link,needs-review,,
resource-0053,link,http://www.amazon.com/New-Earth...,http://www.amazon.com/New-Earth-Awakening-Lifes-Purpose/dp/0452287588?tag=wanttinfo-20,www.amazon.com,3;13,tc13b.php;ttcourse03b.php,,review-external-link,needs-review,,
resource-0054,link,http://www.self-i-dentity-through-hoopono...,http://www.self-i-dentity-through-hooponopono.com,www.self-i-dentity-through-hooponopono.com,3,ttcourse03b.php,,review-external-link,needs-review,,
resource-0055,link,http://www.wmitchell.com,https://web.archive.org/web/20160304122531/https://www.wmitchell.com/,web.archive.org,3,ttcourse03b.php,,review-archived-link,needs-review,,
resource-0056,link,https://landmarkworldwide.com,https://landmarkworldwide.com,landmarkworldwide.com,3,ttcourse03b.php,,review-external-link,needs-review,,
resource-0057,link,https://www.inspiringcommunity.org/inspiringstories0506#1,https://www.inspiringcommunity.org/inspiringstories0506#1,www.inspiringcommunity.org,3;11,tc11b.php;ttcourse03a.php,,review-external-link,needs-review,,
resource-0058,link,https://www.momentoflove.org/g/victim_or_creator_vs,https://www.momentoflove.org/g/victim_or_creator_vs,www.momentoflove.org,3;11;17,tc11b.php;trfc17a.php;ttcourse03a.php,,review-external-link,needs-review,,
resource-0059,link,https://www.personalgrowthcourses.net/stories/burks.breakthrough...,https://www.personalgrowthcourses.net/stories/burks.breakthroughwithdad,www.personalgrowthcourses.net,3;11,tc11b.php;ttcourse03a.php,,review-legacy-hosted,needs-review,,
resource-0060,link,https://www.personalgrowthcourses.net/stories/hendricks.chemistryofbl...,https://www.personalgrowthcourses.net/stories/hendricks.chemistryofblame1,www.personalgrowthcourses.net,3;11,tc11b.php;ttcourse03a.php,,review-legacy-hosted,needs-review,,
resource-0061,media,https://www.personalgrowthcourses.net/video/what_matters_w_mitch...,https://www.personalgrowthcourses.net/video/what_matters_w_mitchell_pgc,www.personalgrowthcourses.net,3;11,tc11b.php;ttcourse03a.php,,review-legacy-hosted,needs-review,,
resource-0062,media,https://www.personalgrowthcourses.net/video/wombat_all_is_one,https://www.personalgrowthcourses.net/video/wombat_all_is_one,www.personalgrowthcourses.net,3;11,tc11b.php;ttcourse03b.php,,review-legacy-hosted,needs-review,,
resource-0063,link,https://www.WantToKnow.info/070701imsorryiloveyoujoevitale,https://www.WantToKnow.info/070701imsorryiloveyoujoevitale,www.wanttoknow.info,3;8;9;11;14;17;20,tc09b.php;tc11b.php;trf14b.php;trfc17a.php;trfc20b.php;ttcourse03b.php;ttlesson08b.php,,review-external-link,needs-review,,
resource-0064,media-file,shell_cut.jpg,https://www.personalgrowthcourses.net/images/shell_cut.jpg,www.personalgrowthcourses.net,3,ttcourse03b.php,,review-legacy-hosted,needs-review,,
resource-0065,media-file,Soaring,https://www.personalgrowthcourses.net/images/seagullcircle.jpg,www.personalgrowthcourses.net,3,ttcourse03a.php,,review-legacy-hosted,needs-review,,
resource-0066,link,Alice in Wonderland,http://en.wikipedia.org/wiki/Alice_In_Wonderland,en.wikipedia.org,4,ttlesson04a.php,,review-external-link,needs-review,,
resource-0067,link,Click Here,http://support.personalgrowthcourses.net/user/me/edit/Transformation+Course+-+Lesson+04,support.personalgrowthcourses.net,4,ttlesson04b.php,,review-external-link,needs-review,,
resource-0068,link,Confessions of an Economic Hitman,http://www.amazon.com/Confessions-Economic-Hit-John-Perkins/dp/0452287081?tag=wanttinfo-20,www.amazon.com,4,ttlesson04b.php,,review-external-link,needs-review,,
resource-0069,media-file,dove_flying.gif,https://www.personalgrowthcourses.net/images/dove_flying.gif,www.personalgrowthcourses.net,4,ttlesson04b.php,,review-legacy-hosted,needs-review,,
resource-0070,link,http://www.guideposts.com,http://www.guideposts.com,www.guideposts.com,4,ttlesson04b.php,,review-external-link,needs-review,,
resource-0071,link,https://www.personalgrowthcourses...,https://www.personalgrowthcourses.net/stories/04b.nonviolence_organizations.htm#Organizations_promoting_nonviolence,www.personalgrowthcourses.net,4,ttlesson04b.php,,review-legacy-hosted,needs-review,,
resource-0072,link,https://www.WantToKnow.info/050423secretgovernment,https://www.WantToKnow.info/050423secretgovernment,www.wanttoknow.info,4;11,tc11b.php;ttlesson04a.php,,review-external-link,needs-review,,
resource-0073,link,https://www.WantToKnow.info/051130ciasecrets,https://www.WantToKnow.info/051130ciasecrets,www.wanttoknow.info,4;11,tc11b.php;ttlesson04b.php,,review-external-link,needs-review,,
resource-0074,link,https://www.WantToKnow.info/060922nonviolentpeaceforce,https://www.WantToKnow.info/060922nonviolentpeaceforce,www.wanttoknow.info,4;11,tc11b.php;ttlesson04b.php,,review-external-link,needs-review,,
resource-0075,link,https://www.WantToKnow.info/corruptiongovernmentmilitary,https://www.WantToKnow.info/corruptiongovernmentmilitary,www.wanttoknow.info,4;11,tc11b.php;ttlesson04a.php,,review-external-link,needs-review,,
resource-0076,link,https://www.WantToKnow.info/johnperkins...,https://www.WantToKnow.info/johnperkinseconomichitman,www.wanttoknow.info,4,ttlesson04b.php,,review-external-link,needs-review,,
resource-0077,link,https://www.WantToKnow.info/war/war...,https://www.wanttoknow.info/war/war-lies-century,www.wanttoknow.info,4,ttlesson04b.php,,review-external-link,needs-review,,
resource-0078,link,https://www.WantToKnow.info/warcoverup,https://www.WantToKnow.info/warcoverup,www.wanttoknow.info,4;11,tc11b.php;ttlesson04a.php,,review-external-link,needs-review,,
resource-0079,link,https://www.WantToKnow.info/warinformation,https://www.WantToKnow.info/warinformation,www.wanttoknow.info,4,ttlesson04b.php,,review-external-link,needs-review,,
resource-0080,media-file,Jets into dolphins transforming our world,https://www.personalgrowthcourses.net/images/dalidolphinplanes.jpg,www.personalgrowthcourses.net,4,ttlesson04b.php,,review-legacy-hosted,needs-review,,
resource-0081,link,John Perkins,http://en.wikipedia.org/wiki/John_Perkins_(author),en.wikipedia.org,4,ttlesson04b.php,,review-external-link,needs-review,,
resource-0082,media-file,military-mourning.gif,https://www.personalgrowthcourses.net/images/military-mourning.gif,www.personalgrowthcourses.net,4,ttlesson04a.php,,review-legacy-hosted,needs-review,,
resource-0083,link,Nonviolent Peaceforce,http://www.nonviolentpeaceforce.org,www.nonviolentpeaceforce.org,4,ttlesson04b.php,,review-external-link,needs-review,,
resource-0084,link,Project for the New American Century,https://www.WantToKnow.info/9-11timeline60pg#pnac,www.wanttoknow.info,4,ttlesson04a.php,,review-external-link,needs-review,,
resource-0085,link,Salvador Dali,https://www.personalgrowthcourses.net/images/salvadordali.pps,www.personalgrowthcourses.net,4,ttlesson04b.php,,review-legacy-hosted,needs-review,,
resource-0086,link,The Matrix,http://en.wikipedia.org/wiki/The_Matrix,en.wikipedia.org,4,ttlesson04a.php,,review-external-link,needs-review,,
resource-0087,media-file,war_god_my_side.jpg,https://www.personalgrowthcourses.net/sacred_cows/war_god_my_side.jpg,www.personalgrowthcourses.net,4,ttlesson04a.php,,review-legacy-hosted,needs-review,,
resource-0088,link,www.WantToKnow.info/christmastruce,https://www.WantToKnow.info/christmastruce,www.wanttoknow.info,4,ttlesson04b.php,,review-external-link,needs-review,,
resource-0089,media-file,Chinese Character for Love,https://www.personalgrowthcourses.net/images/lovechinesecharacter.jpg,www.personalgrowthcourses.net,5,ttlesson05b.php,,review-legacy-hosted,needs-review,,
resource-0090,link,click here,https://www.peerservice.org/,www.peerservice.org,5,ttlesson05b.php,,review-external-link,needs-review,,
resource-0091,link,Click Here,http://support.personalgrowthcourses.net/user/me/edit/Transformation+Course+-+Lesson+05,support.personalgrowthcourses.net,5,ttlesson05b.php,,review-external-link,needs-review,,
resource-0092,link,google.com/search?q=Holotropic+Breathwork,https://www.google.com/search?q=Association+for+Holotropic+Breathwork,www.google.com,5,ttlesson05b.php,,review-external-link,needs-review,,
resource-0093,media-file,heart_double.jpg,https://www.personalgrowthcourses.net/images/heart_double.jpg,www.personalgrowthcourses.net,5,ttlesson05a.php,,review-legacy-hosted,needs-review,,
resource-0094,media-file,heart_love_flowing.jpg,https://www.personalgrowthcourses.net/images/heart_love_flowing.jpg,www.personalgrowthcourses.net,5,ttlesson05b.php,,review-legacy-hosted,needs-review,,
resource-0095,link,http://en.wikipedia.org/wiki/Breathwork,http://en.wikipedia.org/wiki/Breathwork,en.wikipedia.org,5,ttlesson05b.php,,review-external-link,needs-review,,
resource-0096,link,http://www.amazon.com/Emissary...,http://www.amazon.com/Emissary-Love-Psychic-Children-Speak/dp/1571743235/ref=pd_bbs_sr_1?tag=wanttinfo-20&ie=UTF8&s=books&qid=1213562904&sr=1-1,www.amazon.com,5,ttlesson05b.php,,review-external-link,needs-review,,
resource-0097,link,http://www.teamhoyt.com,http://www.teamhoyt.com,www.teamhoyt.com,5,ttlesson05b.php,,review-external-link,needs-review,,
resource-0098,media,https://www.personalgrowthcourses.net/video/choose_love_pgc,https://www.personalgrowthcourses.net/video/choose_love_pgc,www.personalgrowthcourses.net,5;11,tc11b.php;ttlesson05b.php,,review-legacy-hosted,needs-review,,
resource-0099,link,https://www.weboflove.org,https://www.weboflove.org,www.weboflove.org,5;11;17,tc11b.php;trfc17a.php;ttlesson05a.php;ttlesson05b.php,,review-external-link,needs-review,,
resource-0100,link,https://www.weboflove.org/inspiring_stories...,https://www.weboflove.org/inspiring_stories_12/hoyt_team_rick_dick,www.weboflove.org,5;11,tc11b.php;ttlesson05a.php,,review-external-link,needs-review,,
resource-0101,link,https://www.weboflove.org/loveideasexercises,https://www.weboflove.org/loveideasexercises,www.weboflove.org,5;11,tc11b.php;ttlesson05b.php,,review-external-link,needs-review,,
resource-0102,media-file,time_delusion_fired.jpg,https://www.personalgrowthcourses.net/sacred_cows/time_delusion_fired.jpg,www.personalgrowthcourses.net,5,ttlesson05a.php,,review-legacy-hosted,needs-review,,
resource-0103,link,Click Here,http://support.personalgrowthcourses.net/user/me/edit/Transformation+Course+-+Lesson+06,support.personalgrowthcourses.net,6,ttlesson06b.php,,review-external-link,needs-review,,
resource-0104,media-file,Crop Circle,https://www.personalgrowthcourses.net/images/cropcirclebiggest.jpg,www.personalgrowthcourses.net,6,ttlesson06a.php,,review-legacy-hosted,needs-review,,
resource-0105,link,crop circle images,http://images.google.com/images?svnum=100&um=1&hl=en&newwindow=1&q=%22crop+circle%22&btnG=Search+Images,images.google.com,6,ttlesson06a.php,,review-external-link,needs-review,,
resource-0106,media-file,crop_circle.jpg,https://www.personalgrowthcourses.net/images/crop_circle.jpg,www.personalgrowthcourses.net,6,ttlesson06a.php,,review-legacy-hosted,needs-review,,
resource-0107,link,Edgar Mitchell,https://www.WantToKnow.info/ufocover-up10pg#mitchell,www.wanttoknow.info,6,ttlesson06b.php,,review-external-link,needs-review,,
resource-0108,link,http://disclosureproject.org,https://web.archive.org/web/20170305074656/http://www.disclosureproject.org/,web.archive.org,6,ttlesson06b.php,,review-archived-link,needs-review,,
resource-0109,link,http://www.amazon.com/Contact-Blueprint-New-World...,http://www.amazon.com/Contact-Blueprint-New-World/dp/1880666626/ref=sr_1_1?ie=UTF8&qid=1315113308&sr=8-1,www.amazon.com,6,ttlesson06b.php,,review-external-link,needs-review,,
resource-0110,link,http://www.amazon.com/Out-Blue-Definitive...,http://www.amazon.com/Out-Blue-Definitive-Investigation-Phenomenon/dp/B0000VD0RO/ref=sr_1_1?tag=wanttinfo-20&ie=UTF8&s=dvd&qid=1208842264&sr=1-1,www.amazon.com,6,ttlesson06b.php,,review-external-link,needs-review,,
resource-0111,media,https://www.personalgrowthcourses.net/video/mothers_extraordinary,https://www.personalgrowthcourses.net/video/mothers_extraordinary,www.personalgrowthcourses.net,6;11,tc11b.php;ttlesson06b.php,WTKvideos|exact-stem|/mnt/c/datasources/WTKvideos/MOTHERS_EXTRAORDINARY.mp4,migrate-local-video-candidate,needs-review,,
resource-0112,media,https://www.personalgrowthcourses.net/video/power_of_the_internet,https://www.personalgrowthcourses.net/video/power_of_the_internet,www.personalgrowthcourses.net,6;11,tc11b.php;ttlesson06b.php,WTKvideos|exact-stem|/mnt/c/datasources/WTKvideos/POWER_OF_THE_INTERNET.mp4,migrate-local-video-candidate,needs-review,,
resource-0113,media,https://www.personalgrowthcourses.net/video/ufo_videos,https://www.personalgrowthcourses.net/video/ufo_videos,www.personalgrowthcourses.net,6;11,tc11b.php;ttlesson06a.php,legacy-archive|exact-stem|/mnt/c/datasources/transformation-team-site/archive/original-httpdocs/video/ufo_videos.php,review-local-page-candidate,needs-review,,
resource-0114,link,https://www.WantToKnow.info/dolphins...,https://www.WantToKnow.info/dolphinswhalesnewsarticles,www.wanttoknow.info,6,ttlesson06b.php,,review-external-link,needs-review,,
resource-0115,link,https://www.WantToKnow.info/meaningoflife...,https://www.WantToKnow.info/meaningoflifebigpicture,www.wanttoknow.info,6,ttlesson06b.php,,review-external-link,needs-review,,
resource-0116,link,https://www.WantToKnow.info/ufocover-up10pg,https://www.WantToKnow.info/ufocover-up10pg,www.wanttoknow.info,6;11,tc11b.php;ttlesson06b.php,,review-external-link,needs-review,,
resource-0117,link,https://www.WantToKnow.info/ufoinformation,https://www.WantToKnow.info/ufoinformation,www.wanttoknow.info,6,ttlesson06b.php,,review-external-link,needs-review,,
resource-0118,link,IONS,http://www.noetic.org/directory/person/edgar-mitchell,www.noetic.org,6,ttlesson06b.php,,review-external-link,needs-review,,
resource-0119,link,MSNBC,https://web.archive.org/web/20060216063942/http://www.msnbc.msn.com/id/10439223/,web.archive.org,6,ttlesson06a.php;ttlesson06b.php,,review-archived-link,needs-review,,
resource-0120,link,New York Times,https://www.WantToKnow.info/600228nytimes,www.wanttoknow.info,6,ttlesson06a.php;ttlesson06b.php,,review-external-link,needs-review,,
resource-0121,link,Paul Hellyer,http://en.wikipedia.org/wiki/Paul_Hellyer,en.wikipedia.org,6,ttlesson06a.php,,review-external-link,needs-review,,
resource-0122,link,Roscoe H. Hillenkoetter,http://en.wikipedia.org/wiki/Roscoe_H._Hillenkoetter,en.wikipedia.org,6,ttlesson06a.php,,review-external-link,needs-review,,
resource-0123,media-file,seminar_realization_escape.jpg,https://www.personalgrowthcourses.net/sacred_cows/seminar_realization_escape.jpg,www.personalgrowthcourses.net,6,ttlesson06b.php,,review-legacy-hosted,needs-review,,
resource-0124,link,The Day After Roswell,https://www.WantToKnow.info/resources#day,www.wanttoknow.info,6,ttlesson06a.php,,review-external-link,needs-review,,
resource-0125,link,transformation fable,https://www.transformationteam.net/transformationfable,www.transformationteam.net,6;21,trfc21a.php;ttlesson06b.php,legacy-archive|exact-stem|/mnt/c/datasources/transformation-team-site/archive/original-httpdocs/transformationfable.php,review-local-page-candidate,needs-review,,
resource-0126,link,U.K.,https://www.WantToKnow.info/ufocover-up10pg#hillnorton,www.wanttoknow.info,6,ttlesson06b.php,,review-external-link,needs-review,,
resource-0127,media-file,UFO Beam of Connection,https://www.personalgrowthcourses.net/images/ufobeam.jpg,www.personalgrowthcourses.net,6,ttlesson06b.php,,review-legacy-hosted,needs-review,,
resource-0128,media-file,be_the_change.jpg,https://www.personalgrowthcourses.net/images/be_the_change.jpg,www.personalgrowthcourses.net,7,ttlesson07b.php,,review-legacy-hosted,needs-review,,
resource-0129,link,click here,http://www.amazon.com/Last-Lecture-Randy-Pausch/dp/1401323251/ref=pd_bbs_sr_1?tag=wanttinfo-20&ie=UTF8&s=books&qid=1217442956&sr=1-1,www.amazon.com,7,ttlesson07b.php,,review-external-link,needs-review,,
resource-0130,link,Click Here,http://support.personalgrowthcourses.net/user/me/edit/Transformation+Course+-+Lesson+07,support.personalgrowthcourses.net,7,ttlesson07b.php,,review-external-link,needs-review,,
resource-0131,media-file,footprint.jpg,https://www.personalgrowthcourses.net/images/footprint.jpg,www.personalgrowthcourses.net,7,ttlesson07a.php,,review-legacy-hosted,needs-review,,
resource-0132,media-file,herd_mentality.jpg,https://www.personalgrowthcourses.net/sacred_cows/herd_mentality.jpg,www.personalgrowthcourses.net,7,ttlesson07a.php,,review-legacy-hosted,needs-review,,
resource-0133,link,http://en.wikipedia.org/wiki/Law_of...,https://en.wikipedia.org/wiki/Law_of_attraction_(New_Thought),en.wikipedia.org,7,ttlesson07b.php,,review-external-link,needs-review,,
resource-0134,link,http://www.amazon.com/Road-Less-Traveled,http://www.amazon.com/Road-Less-Traveled-25th-Anniversary/dp/0743243153/ref=sr_1_1?tag=wanttinfo-20&ie=UTF8&s=books&qid=1225492348&sr=1-1,www.amazon.com,7,ttlesson07b.php,,review-external-link,needs-review,,
resource-0135,link,http://www.cs.cmu.edu/~pausch,http://www.cs.cmu.edu/~pausch/,www.cs.cmu.edu,7,ttlesson07b.php,,review-external-link,needs-review,,
resource-0136,link,http://www.marianne.com,http://www.marianne.com/,www.marianne.com,7,ttlesson07b.php,,review-external-link,needs-review,,
resource-0137,link,http://www.thesecret.tv,http://www.thesecret.tv,www.thesecret.tv,7,ttlesson07b.php,,review-external-link,needs-review,,
resource-0138,link,https://www.inspiringcommunity.org/inspiringstories0206#1,https://www.inspiringcommunity.org/inspiringstories0206#1,www.inspiringcommunity.org,7;11,tc11b.php;ttlesson07a.php,,review-external-link,needs-review,,
resource-0139,link,https://www.personalgrowthcourses.net/stories/myss.relationship...,https://www.personalgrowthcourses.net/stories/myss.relationship_transcending_tribe,www.personalgrowthcourses.net,7;11,tc11b.php;ttlesson07a.php,,review-legacy-hosted,needs-review,,
resource-0140,link,https://www.personalgrowthcourses.net/stories/ttinspiringstories,https://www.personalgrowthcourses.net/stories/ttinspiringstories,www.personalgrowthcourses.net,7;11,tc11b.php;ttlesson07b.php,legacy-archive|exact-stem|/mnt/c/datasources/transformation-team-site/archive/original-httpdocs/stories/ttinspiringstories.php,review-local-page-candidate,needs-review,,
resource-0141,media,https://www.personalgrowthcourses.net/video/randy_pausch_last_lecture,https://www.personalgrowthcourses.net/video/randy_pausch_last_lecture,www.personalgrowthcourses.net,7;11,tc11b.php;ttlesson07b.php,,review-legacy-hosted,needs-review,,
resource-0142,media,https://www.personalgrowthcourses.net/video/the_secret,https://www.personalgrowthcourses.net/video/the_secret,www.personalgrowthcourses.net,7;11,tc11b.php;ttlesson07b.php,WTKvideos|exact-stem|/mnt/c/datasources/WTKvideos/THE_SECRET.mp4,migrate-local-video-candidate,needs-review,,
resource-0143,link,https://www.weboflove.org/060309cabride,https://www.weboflove.org/060309cabride,www.weboflove.org,7;11,tc11b.php;ttlesson07a.php,,review-external-link,needs-review,,
resource-0144,link,https://www.weboflove.org/060616ourdeepestfearinvitation,https://www.weboflove.org/060616ourdeepestfearinvitation,www.weboflove.org,7;11,tc11b.php;ttlesson07a.php,,review-external-link,needs-review,,
resource-0145,link,United States Department of Peace,http://en.wikipedia.org/wiki/United_States_Department_of_Peace,en.wikipedia.org,7,ttlesson07b.php,,review-external-link,needs-review,,
resource-0146,media-file,Woman Connecting Earth and Universe,https://www.personalgrowthcourses.net/images/womanearthuniversemeditate.jpg,www.personalgrowthcourses.net,7,ttlesson07b.php,,review-legacy-hosted,needs-review,,
resource-0147,link,available here,https://www.WantToKnow.info/911/9-11-facts,www.wanttoknow.info,8,ttlesson08b.php,,review-external-link,needs-review,,
resource-0148,link,available here,https://www.WantToKnow.info/officialsquestion911commissionreport,www.wanttoknow.info,8,ttlesson08b.php,,review-external-link,needs-review,,
resource-0149,link,available here,https://www.WantToKnow.info/germanguy,www.wanttoknow.info,8,ttlesson08b.php,,review-external-link,needs-review,,
resource-0150,link,click here,https://www.personalgrowthcourses.net/stories/falseflag,www.personalgrowthcourses.net,8,ttlesson08a.php;ttlesson08b.php,legacy-archive|exact-stem|/mnt/c/datasources/transformation-team-site/archive/original-httpdocs/stories/falseflag.php,review-local-page-candidate,needs-review,,
resource-0151,link,Click Here,http://support.personalgrowthcourses.net/user/me/edit/Transformation+Course+-+Lesson+08,support.personalgrowthcourses.net,8,ttlesson08b.php,,review-external-link,needs-review,,
resource-0152,link,covert operations,http://en.wikipedia.org/wiki/Covert_operation,en.wikipedia.org,8,ttlesson08a.php,,review-external-link,needs-review,,
resource-0153,media-file,fear_sells.jpg,https://www.personalgrowthcourses.net/sacred_cows/fear_sells.jpg,www.personalgrowthcourses.net,8,ttlesson08a.php,,review-legacy-hosted,needs-review,,
resource-0154,link,fluid intelligence,https://www.transformationteam.net/fluidintelligence,www.transformationteam.net,8;9,tc09b.php;ttlesson08a.php,legacy-archive|exact-stem|/mnt/c/datasources/transformation-team-site/archive/original-httpdocs/fluidintelligence.php,review-local-page-candidate,needs-review,,
resource-0155,link,has been verified,http://rigorousintuition.blogspot.com/2004/12/annotated-german-guy.html,rigorousintuition.blogspot.com,8,ttlesson08b.php,,review-external-link,needs-review,,
resource-0156,link,Howard Zinn,http://www.amazon.com/s/ref=nb_ss_b?tag=wanttinfo-20&url=search-alias%3Dstripbooks&field-keywords=howard+zinn&x=18&y=24,www.amazon.com,8,ttlesson08a.php,,review-external-link,needs-review,,
resource-0157,link,http://abcnews.go.com/US/story...,http://abcnews.go.com/US/story?id=92662,abcnews.go.com,8,ttlesson08b.php,,review-external-link,needs-review,,
resource-0158,link,http://georgewashington.blogspot.com,http://georgewashington.blogspot.com/2008/03/we-are-powerless-or-are-we.html,georgewashington.blogspot.com,8,ttlesson08b.php,,review-external-link,needs-review,,
resource-0159,link,http://www.historycommons.org/project...,https://web.archive.org/web/20200302061951/http://www.historycommons.org/project.jsp?project=911_project,web.archive.org,8,ttlesson08b.php,,review-archived-link,needs-review,,
resource-0160,link,https://web.archive.org/web/20200225160328/http://patriotsquestion911.com,https://web.archive.org/web/20200225160328/http://patriotsquestion911.com,web.archive.org,8,ttlesson08b.php,,review-archived-link,needs-review,,
resource-0161,link,https://www.WantToKnow.info/010501operationnorthwoods,https://www.WantToKnow.info/010501operationnorthwoods,www.wanttoknow.info,8;11,tc11b.php;ttlesson08a.php,,review-external-link,needs-review,,
resource-0162,link,https://www.WantToKnow.info/911information,https://www.WantToKnow.info/911information,www.wanttoknow.info,8,ttlesson08b.php,,review-external-link,needs-review,,
resource-0163,link,https://www.WantToKnow.info/911information...,https://www.WantToKnow.info/911information#911summaries,www.wanttoknow.info,8,ttlesson08b.php,,review-external-link,needs-review,,
resource-0164,link,https://www.WantToKnow.info/911video,https://www.WantToKnow.info/911video,www.wanttoknow.info,8;11,tc11b.php;ttlesson08b.php,,review-external-link,needs-review,,
resource-0165,link,https://www.WantToKnow.info/overwhelmed,https://www.WantToKnow.info/overwhelmed,www.wanttoknow.info,8;11;14,tc11b.php;trf14b.php;ttlesson08b.php,,review-external-link,needs-review,,
resource-0166,link,many groups,http://www.google.com/search?q=%229%2F11+activist%22+groups,www.google.com,8,ttlesson08b.php,,review-external-link,needs-review,,
resource-0167,media-file,north-pole-moon.jpg,https://www.personalgrowthcourses.net/images/north-pole-moon.jpg,www.personalgrowthcourses.net,8,ttlesson08b.php,,review-legacy-hosted,needs-review,,
resource-0168,media-file,Peaceful Transformation of Earth,https://www.personalgrowthcourses.net/images/earthdoveegg.jpg,www.personalgrowthcourses.net,8,ttlesson08b.php,,review-legacy-hosted,needs-review,,
resource-0169,link,respected professors,https://www.WantToKnow.info/070618professorsquestion911,www.wanttoknow.info,8,ttlesson08b.php,,review-external-link,needs-review,,
resource-0170,link,strategy of tension,http://en.wikipedia.org/wiki/Strategy_of_tension,en.wikipedia.org,8,ttlesson08a.php,,review-external-link,needs-review,,
resource-0171,media-file,supreme_court.jpg,https://www.personalgrowthcourses.net/images/supreme_court.jpg,www.personalgrowthcourses.net,8,ttlesson08a.php,,review-legacy-hosted,needs-review,,
resource-0172,link,this link,https://www.WantToKnow.info/secret_societies/german-guy,www.wanttoknow.info,8,ttlesson08b.php,,review-external-link,needs-review,,
resource-0173,link,www.WantToKnow.info/secretsocieties...,https://www.WantToKnow.info/secretsocietiesnewsarticles,www.wanttoknow.info,8,ttlesson08a.php,,review-external-link,needs-review,,
resource-0174,link,www.WantToKnow.info/youweremadeforthis,https://www.WantToKnow.info/youweremadeforthis,www.wanttoknow.info,8,ttlesson08b.php,,review-external-link,needs-review,,
resource-0175,link,available here,https://www.wanttoknow.info/nde/journey-of-souls-life-between-lives,www.wanttoknow.info,9,tc09b.php,,review-external-link,needs-review,,
resource-0176,media-file,Beautiful Angel Rising,https://www.personalgrowthcourses.net/images/angelblackwhite.jpg,www.personalgrowthcourses.net,9,tc09b.php,,review-legacy-hosted,needs-review,,
resource-0177,link,breathe sacred love,https://www.weboflove.org/index#breathing,www.weboflove.org,9,tc09b.php,,review-external-link,needs-review,,
resource-0178,media-file,butterfly.png,https://www.personalgrowthcourses.net/images/butterfly.png,www.personalgrowthcourses.net,9,tc09b.php,,review-legacy-hosted,needs-review,,
resource-0179,link,click here,https://www.personalgrowthcourses.net/stories/09a.benedict_full.html,www.personalgrowthcourses.net,9,tc09a.php,,review-legacy-hosted,needs-review,,
resource-0180,link,Click Here,http://support.personalgrowthcourses.net/user/me/edit/Transformation+Course+-+Lesson+09,support.personalgrowthcourses.net,9,tc09b.php,,review-external-link,needs-review,,
resource-0181,link,government assassin,https://web.archive.org/web/20220701041544/http://www.mikepettigrew.com/afterlife/html/dannion_brinkley.html,web.archive.org,9,tc09a.php,,review-archived-link,needs-review,,
resource-0182,link,http://www.amazon.com/Final-Gifts...,http://www.amazon.com/Final-Gifts-Understanding-Awareness-Communications/dp/0553378767/ref=pd_bbs_sr_1?tag=wanttinfo-20&ie=UTF8&s=books&qid=1213561709&sr=1-1,www.amazon.com,9,tc09b.php,,review-external-link,needs-review,,
resource-0183,link,http://www.amazon.com/Journey...,http://www.amazon.com/Journey-Souls-Studies-Between-Lives/dp/1567184855/ref=sr_1_1?s=books&ie=UTF8&qid=1406222854&sr=1-1&keywords=journey+of+souls,www.amazon.com,9,tc09b.php,,review-external-link,needs-review,,
resource-0184,link,http://www.dannion.com,https://web.archive.org/web/20150327043006/http://www.dannion.com//,web.archive.org,9,tc09b.php,,review-archived-link,needs-review,,
resource-0185,link,http://www.iands.org,http://www.iands.org,www.iands.org,9,tc09b.php,,review-external-link,needs-review,,
resource-0186,link,http://www.near-death.com,http://www.near-death.com/,www.near-death.com,9,tc09b.php,,review-external-link,needs-review,,
resource-0187,link,http://www.peterrussell.com/What/index.php,http://www.peterrussell.com/What/index.php,www.peterrussell.com,9;11,tc09b.php;tc11b.php,,review-external-link,needs-review,,
resource-0188,link,https://www.personalgrowthcourses.net/stories/060908sun.boywholived...,https://www.personalgrowthcourses.net/stories/060908sun.boywholivedbefore.htm,www.personalgrowthcourses.net,9;11,tc09b.php;tc11b.php,,review-legacy-hosted,needs-review,,
resource-0189,link,https://www.personalgrowthcourses.net/stories/09a.brinkley.html,https://www.personalgrowthcourses.net/stories/09a.brinkley.html,www.personalgrowthcourses.net,9;11,tc09a.php;tc11b.php,,review-legacy-hosted,needs-review,,
resource-0190,media,https://www.personalgrowthcourses.net/video/afterlife_investigations,https://www.personalgrowthcourses.net/video/afterlife_investigations,www.personalgrowthcourses.net,9;11,tc09b.php;tc11b.php,,review-legacy-hosted,needs-review,,
resource-0191,media,https://www.personalgrowthcourses.net/video/reincarnation_boy_pilot_wwii,https://www.personalgrowthcourses.net/video/reincarnation_boy_pilot_wwii,www.personalgrowthcourses.net,9;11,tc09b.php;tc11b.php,,review-legacy-hosted,needs-review,,
resource-0192,media,https://www.personalgrowthcourses.net/video/stroke_jill_bolte_taylor,https://www.personalgrowthcourses.net/video/stroke_jill_bolte_taylor,www.personalgrowthcourses.net,9;11,tc09a.php;tc11b.php,WTKvideos|exact-stem|/mnt/c/datasources/WTKvideos/STROKE_JILL_BOLTE_TAYLOR.mp4,migrate-local-video-candidate,needs-review,,
resource-0193,link,https://www.weboflove.org/nde/near...,https://www.weboflove.org/nde/near-death-experiences-nde,www.weboflove.org,9,tc09b.php,,review-external-link,needs-review,,
resource-0194,link,https://www.weboflove.org/neardeathexperience,https://www.weboflove.org/neardeathexperience,www.weboflove.org,9;11,tc09a.php;tc11b.php,,review-external-link,needs-review,,
resource-0195,link,inspired by Albert Einstein,http://quoteinvestigator.com/2013/09/18/intuitive-mind/,quoteinvestigator.com,9,tc09a.php,,review-external-link,needs-review,,
resource-0196,media-file,nde_profits.jpg,https://www.personalgrowthcourses.net/sacred_cows/nde_profits.jpg,www.personalgrowthcourses.net,9,tc09a.php,,review-legacy-hosted,needs-review,,
resource-0197,media-file,near_death_sun.jpg,https://www.personalgrowthcourses.net/images/near_death_sun.jpg,www.personalgrowthcourses.net,9,tc09a.php,,review-legacy-hosted,needs-review,,
resource-0198,link,Peter Russell,http://www.peterrussell.com,www.peterrussell.com,9,tc09b.php,,review-external-link,needs-review,,
resource-0199,link,Saved by the Light,http://www.amazon.com/exec/obidos/ASIN/0061008893/ref=nosim/neardeathexpe-20?tag=wanttinfo-20,www.amazon.com,9,tc09a.php,,review-external-link,needs-review,,
resource-0200,link,"""Love and Survival: The Scientific Basis for the Healing Power of Intimacy""",http://www.amazon.com/Love-Survival-Scientific-Healing-Intimacy/dp/0060930209/ref=pd_bbs_sr_1?tag=wanttinfo-20&ie=UTF8&s=books&qid=1214858236&sr=1-1,www.amazon.com,10,tc10a.php,,review-external-link,needs-review,,
resource-0201,link,90% of medical schools,https://pubmed.ncbi.nlm.nih.gov/21391410/,pubmed.ncbi.nlm.nih.gov,10,tc10b.php,,review-external-link,needs-review,,
resource-0202,link,Click Here,http://support.personalgrowthcourses.net/user/me/edit/Transformation+Course+-+Lesson+10,support.personalgrowthcourses.net,10,tc10b.php,,review-external-link,needs-review,,
resource-0203,media-file,Girl with Butterfly Transforming,https://www.personalgrowthcourses.net/images/fatherdaughterpiggyback.jpg,www.personalgrowthcourses.net,10,tc10b.php,,review-legacy-hosted,needs-review,,
resource-0204,media-file,health_caduceus.jpg,https://www.personalgrowthcourses.net/images/health_caduceus.jpg,www.personalgrowthcourses.net,10,tc10a.php,,review-legacy-hosted,needs-review,,
resource-0205,link,http://www.amazon.com/Pronoia-Antidote...,http://www.amazon.com/Pronoia-Antidote-Paranoia-Conspiring-Blessings/dp/1583941231?tag=wanttinfo-20,www.amazon.com,10;14;15;20,tc10a.php;trf14a.php;trf15a.php;trfc20b.php,,review-external-link,needs-review,,
resource-0206,link,http://www.heartmath.org,http://www.heartmath.org/,www.heartmath.org,10;14,tc10b.php;trf14b.php,,review-external-link,needs-review,,
resource-0207,media,https://www.personalgrowthcourses.net/video/heartmath_video,https://www.personalgrowthcourses.net/video/heartmath_video,www.personalgrowthcourses.net,10;11,tc10b.php;tc11b.php,,review-legacy-hosted,needs-review,,
resource-0208,media,https://www.personalgrowthcourses.net/video/meatrix_factory_farming,https://www.personalgrowthcourses.net/video/meatrix_factory_farming,www.personalgrowthcourses.net,10;11,tc10b.php;tc11b.php,,review-legacy-hosted,needs-review,,
resource-0209,media,https://www.personalgrowthcourses.net/video/store_wars,https://www.personalgrowthcourses.net/video/store_wars,www.personalgrowthcourses.net,10;11,tc10b.php;tc11b.php,,review-legacy-hosted,needs-review,,
resource-0210,link,https://www.WantToKnow.info/05...,https://www.WantToKnow.info/050520schooldietchange,www.wanttoknow.info,10,tc10b.php,,review-external-link,needs-review,,
resource-0211,link,https://www.WantToKnow.info/aspartamemsgcoverup,https://www.WantToKnow.info/aspartamemsgcoverup,www.wanttoknow.info,10;11,tc10a.php;tc11b.php,,review-external-link,needs-review,,
resource-0212,link,https://www.WantToKnow.info/cancercuresnewsarticles,https://www.WantToKnow.info/cancercuresnewsarticles,www.wanttoknow.info,10;11,tc10a.php;tc11b.php,,review-external-link,needs-review,,
resource-0213,link,https://www.WantToKnow.info/deception10pg,https://www.WantToKnow.info/deception10pg,www.wanttoknow.info,10,tc10b.php,,review-external-link,needs-review,,
resource-0214,link,https://www.WantToKnow.info/heal...,https://www.WantToKnow.info/healthnewsarticles,www.wanttoknow.info,10,tc10b.php,,review-external-link,needs-review,,
resource-0215,link,https://www.WantToKnow.info/health/cancercures/cancer_cures,https://www.WantToKnow.info/health/cancercures/cancer_cures,www.wanttoknow.info,10;11,tc10a.php;tc11b.php,,review-external-link,needs-review,,
resource-0216,link,https://www.WantToKnow.info/health/health-corruption,https://www.WantToKnow.info/health/health-corruption,www.wanttoknow.info,10;11,tc10a.php;tc11b.php,,review-external-link,needs-review,,
resource-0217,link,https://www.WantToKnow.info/healthinformation,https://www.WantToKnow.info/healthinformation,www.wanttoknow.info,10,tc10b.php,,review-external-link,needs-review,,
resource-0218,link,https://www.WantToKnow.info/healthvideodocumentaryfutureoffood,https://www.WantToKnow.info/healthvideodocumentaryfutureoffood,www.wanttoknow.info,10;11,tc10a.php;tc11b.php,,review-external-link,needs-review,,
resource-0219,link,https://www.weboflove.org/050720heartmath,https://www.weboflove.org/050720heartmath,www.weboflove.org,10;11,tc10b.php;tc11b.php,,review-external-link,needs-review,,
resource-0220,link,Jitterbug Perfume,http://www.amazon.com/Jitterbug-Perfume-Tom-Robbins/dp/0553348981?tag=wanttinfo-20,www.amazon.com,10,tc10b.php,,review-external-link,needs-review,,
resource-0221,media-file,junk_food_choose.jpg,https://www.personalgrowthcourses.net/sacred_cows/junk_food_choose.jpg,www.personalgrowthcourses.net,10,tc10a.php,,review-legacy-hosted,needs-review,,
resource-0222,link,many groups,http://www.google.com/search?q=%22health+activist%22,www.google.com,10,tc10b.php,,review-external-link,needs-review,,
resource-0223,link,"over 5,000 members",https://www.rcpsych.ac.uk/members/special-interest-groups/spirituality/about-us,www.rcpsych.ac.uk,10,tc10b.php,,review-external-link,needs-review,,
resource-0224,link,spread the word,https://www.WantToKnow.info/healthemail,www.wanttoknow.info,10,tc10a.php,,review-external-link,needs-review,,
resource-0225,link,www.WantToKnow.info/health/cancercures...,https://www.WantToKnow.info/health/cancercures/cancer_cures_video,www.wanttoknow.info,10,tc10b.php,,review-external-link,needs-review,,
resource-0226,media-file,zen_bowl.jpg,https://www.personalgrowthcourses.net/images/zen_bowl.jpg,www.personalgrowthcourses.net,10,tc10b.php,,review-legacy-hosted,needs-review,,
resource-0227,media-file,boy_eye_teka.jpg,https://www.personalgrowthcourses.net/images/boy_eye_teka.jpg,www.personalgrowthcourses.net,11,tc11b.php,,review-legacy-hosted,needs-review,,
resource-0228,media-file,butterfly_transformation.jpg,https://www.personalgrowthcourses.net/images/butterfly_transformation.jpg,www.personalgrowthcourses.net,11,tc11a.php,,review-legacy-hosted,needs-review,,
resource-0229,link,Click Here,http://support.personalgrowthcourses.net/user/me/edit/Transformation+Course+-+Lesson+11,support.personalgrowthcourses.net,11,tc11b.php,,review-external-link,needs-review,,
resource-0230,link,Emotional Genius,http://www.amazon.com/Emotional-Genius-Discovering-Deepest-Language/dp/0965658341/ref=pd_bbs_sr_1?tag=wanttinfo-20&ie=UTF8&s=books&qid=1215255645&sr=1-1,www.amazon.com,11,tc11b.php,,review-external-link,needs-review,,
resource-0231,link,https://www.newsarticles.media/secretsocietiesnewsarticles,https://www.newsarticles.media/secretsocietiesnewsarticles,www.newsarticles.media,11,tc11b.php,,review-external-link,needs-review,,
resource-0232,media,https://www.personalgrowthcourses.net/video/elephant_artist,https://www.personalgrowthcourses.net/video/elephant_artist,www.personalgrowthcourses.net,11,tc11b.php,legacy-archive|exact-stem|/mnt/c/datasources/transformation-team-site/archive/original-httpdocs/video/elephant_artist.php;WTKvideos|exact-stem|/mnt/c/datasources/WTKvideos/ELEPHANT_ARTIST.mp4,migrate-local-video-candidate,needs-review,,
resource-0233,media,https://www.personalgrowthcourses.net/video/gratefulness...,https://www.personalgrowthcourses.net/video/gratefulness_david_steindl_rast,www.personalgrowthcourses.net,11;21,tc11a.php;tc11b.php;trfc21b.php,WTKvideos|normalized-stem|/mnt/c/datasources/WTKvideos/GRATEFULNESS_DAVID_STEINDL-RAST.mp4,migrate-local-video-candidate,needs-review,,
resource-0234,media,https://www.personalgrowthcourses.net/video/perceptual_experiment,https://www.personalgrowthcourses.net/video/perceptual_experiment,www.personalgrowthcourses.net,11,tc11b.php,legacy-archive|exact-stem|/mnt/c/datasources/transformation-team-site/archive/original-httpdocs/video/perceptual_experiment.php;WTKvideos|exact-stem|/mnt/c/datasources/WTKvideos/PERCEPTUAL_EXPERIMENT.mp4,migrate-local-video-candidate,needs-review,,
resource-0235,media,https://www.personalgrowthcourses.net/video/the_shift_pgc,https://www.personalgrowthcourses.net/video/the_shift_pgc,www.personalgrowthcourses.net,11,tc11b.php,,review-legacy-hosted,needs-review,,
resource-0236,link,https://www.WantToKnow.info/070707newparadigm,https://www.WantToKnow.info/070707newparadigm,www.wanttoknow.info,11;17;21,tc11a.php;tc11b.php;trfc17a.php;trfc21b.php,,review-external-link,needs-review,,
resource-0237,link,https://www.WantToKnow.info/i/christmas-stories...,https://www.WantToKnow.info/i/christmas-stories/inspirational-christmas-story,www.wanttoknow.info,11,tc11b.php,,review-external-link,needs-review,,
resource-0238,link,https://www.WantToKnow.info/mediainformation#project,https://www.WantToKnow.info/mediainformation#project,www.wanttoknow.info,11,tc11b.php,,review-external-link,needs-review,,
resource-0239,link,https://www.weboflove.org/transformation,https://www.weboflove.org/transformation,www.weboflove.org,11;17;21,tc11a.php;tc11b.php;trfc17a.php;trfc21b.php,,review-external-link,needs-review,,
resource-0240,link,https://www.weboflove.org/youweremadeforthis,https://www.weboflove.org/youweremadeforthis,www.weboflove.org,11,tc11b.php,,review-external-link,needs-review,,
resource-0241,link,International Space Federation,https://spacefed.com/,spacefed.com,11,tc11a.php,,review-external-link,needs-review,,
resource-0242,media-file,no_accidents_car.jpg,https://www.personalgrowthcourses.net/sacred_cows/no_accidents_car.jpg,www.personalgrowthcourses.net,11,tc11b.php,,review-legacy-hosted,needs-review,,
resource-0243,media-file,Transformational Beam of Light,https://www.personalgrowthcourses.net/images/southwestcanyonbeam.jpg,www.personalgrowthcourses.net,11,tc11a.php,,review-legacy-hosted,needs-review,,
resource-0244,link,www.gratefulness.org,http://www.gratefulness.org,www.gratefulness.org,11;21,tc11a.php;trfc21b.php,,review-external-link,needs-review,,
resource-0245,media-file,cappuchino_alternative_energy.jpg,https://www.personalgrowthcourses.net/sacred_cows/cappuchino_alternative_energy.jpg,www.personalgrowthcourses.net,12,tc12a.php,,review-legacy-hosted,needs-review,,
resource-0246,link,charging breath,https://www.weboflove.org/loveideasexercises#chargingbreath,www.weboflove.org,12,tc12b.php,,review-external-link,needs-review,,
resource-0247,link,Click Here,http://support.personalgrowthcourses.net/user/me/edit/Transformation+Course+-+Lesson+12,support.personalgrowthcourses.net,12,tc12b.php,,review-external-link,needs-review,,
resource-0248,link,E = mc2,http://en.wikipedia.org/wiki/Mass-energy_equivalence,en.wikipedia.org,12,tc12a.php,,review-external-link,needs-review,,
resource-0249,media-file,energy_ball.jpg,https://www.personalgrowthcourses.net/images/energy_ball.jpg,www.personalgrowthcourses.net,12,tc12a.php,,review-legacy-hosted,needs-review,,
resource-0250,media,https://www.personalgrowthcourses.net/video/cheetah_antelope,https://www.personalgrowthcourses.net/video/cheetah_antelope,www.personalgrowthcourses.net,12;21,tc12b.php;trfc21b.php,WTKvideos|exact-stem|/mnt/c/datasources/WTKvideos/CHEETAH_ANTELOPE.mp4,migrate-local-video-candidate,needs-review,,
resource-0251,link,https://www.WantToKnow.info/060630newenergy...,https://www.WantToKnow.info/060630newenergyvideodocumentary,www.wanttoknow.info,12,tc12b.php,,review-external-link,needs-review,,
resource-0252,link,https://www.WantToKnow.info/energy/fuel_econ...,https://www.WantToKnow.info/energy/fuel_economy_gas_mileage,www.wanttoknow.info,12,tc12b.php,,review-external-link,needs-review,,
resource-0253,link,https://www.WantToKnow.info/energycrisissolutionsvideodocumentary,https://www.WantToKnow.info/energycrisissolutionsvideodocumentary,www.wanttoknow.info,12;21,tc12a.php;trfc21b.php,,review-external-link,needs-review,,
resource-0254,link,https://www.WantToKnow.info/freeenergy,https://www.WantToKnow.info/freeenergy,www.wanttoknow.info,12,tc12b.php,,review-external-link,needs-review,,
resource-0255,link,https://www.WantToKnow.info/newenergy...,https://www.WantToKnow.info/newenergyinformation,www.wanttoknow.info,12,tc12b.php,,review-external-link,needs-review,,
resource-0256,link,https://www.WantToKnow.info/newenergyinventionsnewsarticles,https://www.WantToKnow.info/newenergyinventionsnewsarticles,www.wanttoknow.info,12;21,tc12b.php;trfc21b.php,,review-external-link,needs-review,,
resource-0257,link,https://www.WantToKnow.info/newenergysources,https://www.WantToKnow.info/newenergysources,www.wanttoknow.info,12;21,tc12a.php;trfc21b.php,,review-external-link,needs-review,,
resource-0258,link,https://www.WantToKnow.info/resources#newenergy,https://www.WantToKnow.info/resources#newenergy,www.wanttoknow.info,12,tc12b.php,,review-external-link,needs-review,,
resource-0259,media-file,Hubble Photo of Eagle Nebula,https://www.personalgrowthcourses.net/images/eaglenebula.jpg,www.personalgrowthcourses.net,12,tc12b.php,,review-legacy-hosted,needs-review,,
resource-0260,media-file,Hubble Photo of Spiral Galaxies Connecting,https://www.personalgrowthcourses.net/images/spiralgalaxy.jpg,www.personalgrowthcourses.net,12,tc12b.php,,review-legacy-hosted,needs-review,,
resource-0261,link,"John F. Kennedy, 1963",http://web.archive.org/web/20080801211046/http://www.sfgate.com/cgi-bin/article.cgi?f=/c/a/2008/06/10/DD3C10U64S.DTL,web.archive.org,12,tc12a.php,,review-archived-link,needs-review,,
resource-0262,link,Nikola Tesla,http://en.wikipedia.org/wiki/Nikola_Tesla,en.wikipedia.org,12,tc12b.php,,review-external-link,needs-review,,
resource-0263,link,Wilhelm Reich,http://en.wikipedia.org/wiki/Wilhelm_Reich,en.wikipedia.org,12,tc12b.php,,review-external-link,needs-review,,
resource-0264,link,www.space.com,http://www.space.com/995-happy-15th-hubble-stunning-pictures.html,www.space.com,12,tc12b.php,,review-external-link,needs-review,,
resource-0265,link,www.space.com,http://www.space.com/bestimg/result.php?back=&cat=best2005,www.space.com,12,tc12b.php,,review-external-link,needs-review,,
resource-0266,link,zero-point energy,http://www.calphysics.org/zpe.html,www.calphysics.org,12,tc12a.php;tc12b.php,,review-external-link,needs-review,,
resource-0267,link,Anthony Robbins,http://www.tonyrobbins.com/,www.tonyrobbins.com,13,tc13a.php,,review-external-link,needs-review,,
resource-0268,media-file,castle_view_teka.jpg,https://www.personalgrowthcourses.net/images/castle_view_teka.jpg,www.personalgrowthcourses.net,13,tc13b.php,,review-legacy-hosted,needs-review,,
resource-0269,link,Click Here,http://support.personalgrowthcourses.net/user/me/edit/Transformation+Course+-+Lesson+13,support.personalgrowthcourses.net,13,tc13b.php,,review-external-link,needs-review,,
resource-0270,media-file,core_ocean.jpg,https://www.personalgrowthcourses.net/images/core_ocean.jpg,www.personalgrowthcourses.net,13,tc13a.php,,review-legacy-hosted,needs-review,,
resource-0271,media-file,feel_empty_pizza.jpg,https://www.personalgrowthcourses.net/sacred_cows/feel_empty_pizza.jpg,www.personalgrowthcourses.net,13,tc13a.php,,review-legacy-hosted,needs-review,,
resource-0272,link,http://www.amazon.com...,http://www.amazon.com/exec/obidos/ASIN/1572242086/qid%3D1109939371/sr%3D11-1/ref%3Dsr%5F11%5F1/102-6288596-7501746?tag=wanttinfo-20,www.amazon.com,13,tc13b.php,,review-external-link,needs-review,,
resource-0273,link,http://www.amazon.com/exec...,http://www.amazon.com/exec/obidos/ASIN/1931977038/qid=1087490441/sr=ka-1/ref=pd_ka_1/104-9750746-8260752?tag=wanttinfo-20,www.amazon.com,13,tc13b.php,,review-external-link,needs-review,,
resource-0274,link,https://web.archive.org/web/20...,https://web.archive.org/web/20060813191711/http://www.skysite.org/core.html,web.archive.org,13,tc13b.php,,review-archived-link,needs-review,,
resource-0275,link,https://www.personalgrowthcourses.net/stories/anon.blessingindisguise,https://www.personalgrowthcourses.net/stories/anon.blessingindisguise,www.personalgrowthcourses.net,13;21,tc13a.php;trfc21b.php,,review-legacy-hosted,needs-review,,
resource-0276,media,https://www.personalgrowthcourses.net/video/life_risk,https://www.personalgrowthcourses.net/video/life_risk,www.personalgrowthcourses.net,13;21,tc13a.php;trfc21b.php,WTKvideos|exact-stem|/mnt/c/datasources/WTKvideos/LIFE_RISK.mp4,migrate-local-video-candidate,needs-review,,
resource-0277,media,https://www.personalgrowthcourses.net/video/softball_miracle,https://www.personalgrowthcourses.net/video/softball_miracle,www.personalgrowthcourses.net,13;21,tc13b.php;trfc21b.php,legacy-archive|exact-stem|/mnt/c/datasources/transformation-team-site/archive/original-httpdocs/video/softball_miracle.php;WTKvideos|exact-stem|/mnt/c/datasources/WTKvideos/SOFTBALL_MIRACLE.mp4,migrate-local-video-candidate,needs-review,,
resource-0278,link,https://www.weboflove.org/bestinspirationalpoems,https://www.weboflove.org/bestinspirationalpoems,www.weboflove.org,13,tc13b.php,,review-external-link,needs-review,,
resource-0279,link,https://www.weboflove.org/bestinspirationalpoems#that,https://www.weboflove.org/bestinspirationalpoems#that,www.weboflove.org,13;21,tc13a.php;trfc21b.php,,review-external-link,needs-review,,
resource-0280,link,https://www.weboflove.org/coreissue,https://www.weboflove.org/coreissue,www.weboflove.org,13;21,tc13b.php;trfc21b.php,,review-external-link,needs-review,,
resource-0281,link,https://www.weboflove.org/fearrunsrampant,https://www.weboflove.org/fearrunsrampant,www.weboflove.org,13;21,tc13b.php;trfc21b.php,,review-external-link,needs-review,,
resource-0282,media-file,Young Woman Meditating with Tree,https://www.personalgrowthcourses.net/images/youngwomantreemeditation.jpg,www.personalgrowthcourses.net,13,tc13b.php,,review-legacy-hosted,needs-review,,
resource-0283,link,allowed to escape,https://www.WantToKnow.info/nationbetrayed10pg#black,www.wanttoknow.info,14,trf14b.php,,review-external-link,needs-review,,
resource-0284,link,alternative therapies gaining wider acceptance,http://health.usnews.com/articles/health/2008/01/09/embracing-alternative-care.html,health.usnews.com,14,trf14b.php,,review-external-link,needs-review,,
resource-0285,link,an engaging article,http://health.usnews.com/articles/health/respiratory-disorders/2008/06/23/can-hypnosis-snuff-out-a-smokers-cigarette-habit.html,health.usnews.com,14,trf14b.php,,review-external-link,needs-review,,
resource-0286,media-file,article in the Harvard Gazette,https://www.personalgrowthcourses.net/stories/14b.meditation_temperature.pdf,www.personalgrowthcourses.net,14,trf14b.php,,review-legacy-hosted,needs-review,,
resource-0287,link,available here,https://www.WantToKnow.info/nationbetrayed10pg,www.wanttoknow.info,14,trf14b.php,,review-external-link,needs-review,,
resource-0288,link,Biofeedback,http://en.wikipedia.org/wiki/Biofeedback,en.wikipedia.org,14,trf14b.php,,review-external-link,needs-review,,
resource-0289,link,Boston Globe article,https://www.WantToKnow.info/a-meditation-research-coming-age,www.wanttoknow.info,14,trf14b.php,,review-external-link,needs-review,,
resource-0290,link,Chandra Levy and Congressman Gary Condit,http://en.wikipedia.org/wiki/Chandra_Levy,en.wikipedia.org,14,trf14b.php,,review-external-link,needs-review,,
resource-0291,link,click here,https://www.WantToKnow.info/mindcontrolinformation#mindcontrolsurvivors,www.wanttoknow.info,14,trf14b.php,,review-external-link,needs-review,,
resource-0292,link,Click Here,http://support.personalgrowthcourses.net/user/me/edit/Transformation+Course+-+Lesson+14,support.personalgrowthcourses.net,14,trf14b.php,,review-external-link,needs-review,,
resource-0293,link,declassified government documents,https://www.WantToKnow.info/mindcontrol10pg#ciadocs,www.wanttoknow.info,14,trf14b.php,,review-external-link,needs-review,,
resource-0294,link,disinformation programs,http://en.wikipedia.org/wiki/Disinformation,en.wikipedia.org,14,trf14b.php,,review-external-link,needs-review,,
resource-0295,link,Dr. Josef Mengele,http://en.wikipedia.org/wiki/Josef_Mengele,en.wikipedia.org,14,trf14b.php,,review-external-link,needs-review,,
resource-0296,link,free reign to torture,https://web.archive.org/web/20110917134939/http://articles.boston.com/2008-04-30/news/29272267_1_efraim-zuroff-top-nazi-hunter-ss-doctor-aribert-heim,web.archive.org,14,trf14b.php,,review-archived-link,needs-review,,
resource-0297,link,http://www.monroeinstitute.org,http://www.monroeinstitute.org,www.monroeinstitute.org,14,trf14b.php,,review-external-link,needs-review,,
resource-0298,link,https://www.personalgrowthcourses.net/audio/we-are-one-kevin-reid.php,https://www.personalgrowthcourses.net/audio/we-are-one-kevin-reid.php,www.personalgrowthcourses.net,14;21,trf14b.php;trfc21b.php,,review-legacy-hosted,needs-review,,
resource-0299,media,https://www.personalgrowthcourses.net/video/lion_hug,https://www.personalgrowthcourses.net/video/lion_hug,www.personalgrowthcourses.net,14;21,trf14b.php;trfc21b.php,WTKvideos|exact-stem|/mnt/c/datasources/WTKvideos/LION_HUG.mp4,migrate-local-video-candidate,needs-review,,
resource-0300,link,https://www.WantToKnow.info/060501conspiracyofsilence,https://www.WantToKnow.info/060501conspiracyofsilence,www.wanttoknow.info,14;21,trf14b.php;trfc21b.php,,review-external-link,needs-review,,
resource-0301,link,https://www.WantToKnow.info/microchips...,https://www.WantToKnow.info/microchipsimplantsnewsarticles,www.wanttoknow.info,14,trf14b.php,,review-external-link,needs-review,,
resource-0302,link,https://www.WantToKnow.info/mindcon...,https://www.WantToKnow.info/mindcontrolnewsarticles,www.wanttoknow.info,14,trf14b.php,,review-external-link,needs-review,,
resource-0303,link,https://www.WantToKnow.info/mindcontrol,https://www.WantToKnow.info/mindcontrol,www.wanttoknow.info,14;21,trf14a.php;trfc21b.php,,review-external-link,needs-review,,
resource-0304,link,https://www.WantToKnow.info/mindcontrolvideo,https://www.WantToKnow.info/mindcontrolvideo,www.wanttoknow.info,14;21,trf14a.php;trfc21b.php,,review-external-link,needs-review,,
resource-0305,media-file,Hubble Alex Grey Image of Mind,https://www.personalgrowthcourses.net/images/mindalexgrey.jpg,www.personalgrowthcourses.net,14,trf14b.php,,review-legacy-hosted,needs-review,,
resource-0306,link,hypnosis,https://www.WantToKnow.info/mindcontrollers10pg#hypnosis,www.wanttoknow.info,14,trf14b.php,,review-external-link,needs-review,,
resource-0307,link,Hypnotherapy,http://en.wikipedia.org/wiki/Hypnotherapy,en.wikipedia.org,14,trf14b.php,,review-external-link,needs-review,,
resource-0308,link,informative article,https://web.archive.org/web/20090206194631/http://www.cbsnews.com/stories/2008/07/01/tech/main4221948.shtml,web.archive.org,14,trf14b.php,,review-archived-link,needs-review,,
resource-0309,link,Judith Moore,http://www.amazon.com/Song-Freedom-Judith-K-Moore/dp/1891824384/ref=sr_1_1/105-8477226-4271649?tag=wanttinfo-20&ie=UTF8&s=books&qid=1187983675&sr=1-1,www.amazon.com,14,trf14b.php,,review-external-link,needs-review,,
resource-0310,link,Kathleen Sullivan,http://web.archive.org/web/20090309010706/http://naffoundation.org/About_NAFF.htm#Board%20of%20Directors,web.archive.org,14,trf14b.php,,review-archived-link,needs-review,,
resource-0311,link,Major media articles,https://web.archive.org/web/20080725012256/http://health.usnews.com/articles/health/living-well-usn/2008/06/05/the-benefits-of-biofeedback.html,web.archive.org,14,trf14b.php,,review-archived-link,needs-review,,
resource-0312,link,Manchurian Candidates,http://en.wikipedia.org/wiki/The_Manchurian_Candidate_%281962_film%29,en.wikipedia.org,14,trf14b.php,,review-external-link,needs-review,,
resource-0313,link,many groups,http://www.google.com/search?q=%22mind+control%22+forum,www.google.com,14,trf14b.php,,review-external-link,needs-review,,
resource-0314,link,many reliable resources,https://www.WantToKnow.info/mindcontrolinformation,www.wanttoknow.info,14,trf14b.php,,review-external-link,needs-review,,
resource-0315,link,meditation,http://en.wikipedia.org/wiki/Meditation,en.wikipedia.org,14,trf14b.php,,review-external-link,needs-review,,
resource-0316,link,mind-altering drugs,https://www.WantToKnow.info/mindcontrol10pg#_edn12,www.wanttoknow.info,14,trf14b.php,,review-external-link,needs-review,,
resource-0317,media-file,mind-control-3X4.jpg,https://www.personalgrowthcourses.net/images/mind-control-3X4.jpg,www.personalgrowthcourses.net,14,trf14a.php,,review-legacy-hosted,needs-review,,
resource-0318,link,MKULTRA,https://www.WantToKnow.info/050626mkultra,www.wanttoknow.info,14,trf14b.php,,review-external-link,needs-review,,
resource-0319,link,paranormal phenomena,https://en.wikipedia.org/wiki/Stargate_Project_(U.S._Army_unit),en.wikipedia.org,14,trf14b.php,,review-external-link,needs-review,,
resource-0320,link,psychoactive drugs,http://en.wikipedia.org/wiki/Entheogens,en.wikipedia.org,14,trf14b.php,,review-external-link,needs-review,,
resource-0321,link,relaxation techniques,http://www.relaxationresponse.org/steps/,www.relaxationresponse.org,14,trf14b.php,,review-external-link,needs-review,,
resource-0322,media-file,sedona_child_teka.jpg,https://www.personalgrowthcourses.net/images/sedona_child_teka.jpg,www.personalgrowthcourses.net,14,trf14b.php,,review-legacy-hosted,needs-review,,
resource-0323,media-file,storm_fear_affirmations.jpg,https://www.personalgrowthcourses.net/sacred_cows/storm_fear_affirmations.jpg,www.personalgrowthcourses.net,14,trf14a.php,,review-legacy-hosted,needs-review,,
resource-0324,link,to Argentina,http://www.nbcnews.com/id/26505933/ns/world_news-mideast_n_africa/t/israeli-ex-agent-we-allowed-nazi-doc-escape/,www.nbcnews.com,14,trf14b.php,,review-external-link,needs-review,,
resource-0325,link,torture,https://www.WantToKnow.info/mindcontrol10pg#_ednref19,www.wanttoknow.info,14,trf14b.php,,review-external-link,needs-review,,
resource-0326,link,www.alexgrey.com,http://www.alexgrey.com,www.alexgrey.com,14,trf14b.php,,review-external-link,needs-review,,
resource-0327,link,Click Here,http://support.personalgrowthcourses.net/user/me/edit/Transformation+Course+-+Lesson+15,support.personalgrowthcourses.net,15,trf15b.php,,review-external-link,needs-review,,
resource-0328,link,Course in Miracles,http://www.amazon.com/A-Course-in-Miracles/dp/1890648337/ref=pd_bbs_sr_1/105-8477226-4271649?tag=wanttinfo-20&ie=UTF8&s=books&qid=1188069347&sr=8-1,www.amazon.com,15,trf15a.php,,review-external-link,needs-review,,
resource-0329,link,Course in Miracles,http://www.amazon.com/A-Course-in-Miracles/dp/1890648337?tag=wanttinfo-20,www.amazon.com,15,trf15b.php,,review-external-link,needs-review,,
resource-0330,media-file,Drinking in the Divine Light,https://www.personalgrowthcourses.net/images/canyonlightwoman.jpg,www.personalgrowthcourses.net,15,trf15a.php,,review-legacy-hosted,needs-review,,
resource-0331,media-file,eternal_truth_mirror.jpg,https://www.personalgrowthcourses.net/sacred_cows/eternal_truth_mirror.jpg,www.personalgrowthcourses.net,15,trf15b.php,,review-legacy-hosted,needs-review,,
resource-0332,link,http://www.acim.org,http://www.acim.org,www.acim.org,15,trf15b.php,,review-external-link,needs-review,,
resource-0333,link,http://www.noetic.org,http://www.noetic.org,www.noetic.org,15,trf15b.php,,review-external-link,needs-review,,
resource-0334,media,https://www.personalgrowthcourses.net/video/ashes_snow_feather_fire,https://www.personalgrowthcourses.net/video/ashes_snow_feather_fire,www.personalgrowthcourses.net,15;21,trf15b.php;trfc21b.php,,review-legacy-hosted,needs-review,,
resource-0335,media,https://www.personalgrowthcourses.net/video/validation,https://www.personalgrowthcourses.net/video/validation,www.personalgrowthcourses.net,15;21,trf15a.php;trfc21b.php,WTKvideos|exact-stem|/mnt/c/datasources/WTKvideos/VALIDATION.mp4,migrate-local-video-candidate,needs-review,,
resource-0336,link,https://www.WantToKnow.info/consciousnessparadigms,https://www.WantToKnow.info/consciousnessparadigms,www.wanttoknow.info,15;21,trf15a.php;trfc21b.php,,review-external-link,needs-review,,
resource-0337,link,https://www.WantToKnow.info/inspiration/new_paradigm_shift,https://www.WantToKnow.info/inspiration/new_paradigm_shift,www.wanttoknow.info,15;21,trf15a.php;trfc21b.php,,review-external-link,needs-review,,
resource-0338,link,https://www.WantToKnow.info/wingmakersorig...,https://www.WantToKnow.info/wingmakersorig/wingmakerschanges,www.wanttoknow.info,15,trf15b.php,,review-external-link,needs-review,,
resource-0339,link,https://www.weboflove.org/courseinmiracles,https://www.weboflove.org/courseinmiracles,www.weboflove.org,15;21,trf15a.php;trfc21b.php,,review-external-link,needs-review,,
resource-0340,link,https://www.wingmakers.us,https://www.wingmakers.us,www.wingmakers.us,15,trf15b.php,,review-external-link,needs-review,,
resource-0341,link,lightbeingvision.com,http://www.lightbeingvision.com,www.lightbeingvision.com,15,trf15a.php,,review-external-link,needs-review,,
resource-0342,media-file,paradigm_shift_sunrise.jpg,https://www.personalgrowthcourses.net/images/paradigm_shift_sunrise.jpg,www.personalgrowthcourses.net,15,trf15a.php,,review-legacy-hosted,needs-review,,
resource-0343,link,Susan Slotter,http://www.soulscapes.com,www.soulscapes.com,15,trf15a.php,,review-external-link,needs-review,,
resource-0344,media-file,What is most important to you?,https://www.personalgrowthcourses.net/images/infinite_creation_joseph_eagle.jpg,www.personalgrowthcourses.net,15,trf15b.php,,review-legacy-hosted,needs-review,,
resource-0345,link,www.eaglezen.com,https://web.archive.org/web/20071207220610/http://www.eaglezen.com/,web.archive.org,15,trf15b.php,,review-archived-link,needs-review,,
resource-0346,media-file,affirmations_dont_work.jpg,https://www.personalgrowthcourses.net/sacred_cows/affirmations_dont_work.jpg,www.personalgrowthcourses.net,16,trf16a.php,,review-legacy-hosted,needs-review,,
resource-0347,link,Click Here,http://support.personalgrowthcourses.net/user/me/edit/Transformation+Course+-+Lesson+16,support.personalgrowthcourses.net,16,trf16b.php,,review-external-link,needs-review,,
resource-0348,link,http://www.amazon.com/gp...,http://www.amazon.com/gp/product/0452287588/sr=1-2/qid=1156288694/ref=pd_bbs_2/104-3462640-4229555?tag=wanttinfo-20&ie=UTF8&s=books,www.amazon.com,16,trf16b.php,,review-external-link,needs-review,,
resource-0349,link,http://www.amazon.com/Intention-Experiment...,http://www.amazon.com/Intention-Experiment-Using-Thoughts-Change/dp/0743276965/ref=pd_bbs_sr_1?tag=wanttinfo-20&ie=UTF8&s=books&qid=1214870758&sr=1-1,www.amazon.com,16,trf16b.php,,review-external-link,needs-review,,
resource-0350,link,http://www.soulfulliving.com/bookspurp...,http://www.soulfulliving.com/bookspurpose.htm,www.soulfulliving.com,16,trf16b.php,,review-external-link,needs-review,,
resource-0351,media,https://www.personalgrowthcourses.net/video/evolution_creature_comforts,https://www.personalgrowthcourses.net/video/evolution_creature_comforts,www.personalgrowthcourses.net,16;21,trf16b.php;trfc21b.php,WTKvideos|exact-stem|/mnt/c/datasources/WTKvideos/EVOLUTION_CREATURE_COMFORTS.mp4,migrate-local-video-candidate,needs-review,,
resource-0352,media,https://www.personalgrowthcourses.net/video/intentional_chocolate,https://www.personalgrowthcourses.net/video/intentional_chocolate,www.personalgrowthcourses.net,16;21,trf16a.php;trfc21b.php,WTKvideos|exact-stem|/mnt/c/datasources/WTKvideos/INTENTIONAL_CHOCOLATE.mp4,migrate-local-video-candidate,needs-review,,
resource-0353,media,https://www.personalgrowthcourses.net/video/love_is_energy,https://www.personalgrowthcourses.net/video/love_is_energy,www.personalgrowthcourses.net,16;21,trf16b.php;trfc21b.php,WTKvideos|exact-stem|/mnt/c/datasources/WTKvideos/LOVE_IS_ENERGY.mp4,migrate-local-video-candidate,needs-review,,
resource-0354,media,https://www.personalgrowthcourses.net/video/unbelievably_lucky,https://www.personalgrowthcourses.net/video/unbelievably_lucky,www.personalgrowthcourses.net,16;21,trf16a.php;trfc21b.php,WTKvideos|exact-stem|/mnt/c/datasources/WTKvideos/UNBELIEVABLY_LUCKY.mp4,migrate-local-video-candidate,needs-review,,
resource-0355,link,https://www.WantToKnow.info...,https://www.WantToKnow.info/indexnewsarticles,www.wanttoknow.info,16,trf16b.php,,review-external-link,needs-review,,
resource-0356,link,https://www.WantToKnow.info/bestsummaries,https://www.WantToKnow.info/bestsummaries,www.wanttoknow.info,16;21,trf16b.php;trfc21b.php,,review-external-link,needs-review,,
resource-0357,link,https://www.WantToKnow.info/newsart...,https://www.WantToKnow.info/newsarticles,www.wanttoknow.info,16,trf16b.php,,review-external-link,needs-review,,
resource-0358,link,https://www.weboflove.org/lifepurposeintentions,https://www.weboflove.org/lifepurposeintentions,www.weboflove.org,16;21,trf16a.php;trfc21b.php,,review-external-link,needs-review,,
resource-0359,media-file,intentions_purpose_path.jpg,https://www.personalgrowthcourses.net/images/intentions_purpose_path.jpg,www.personalgrowthcourses.net,16,trf16a.php,,review-legacy-hosted,needs-review,,
resource-0360,media-file,wave_curl_sun.jpg,https://www.personalgrowthcourses.net/images/wave_curl_sun.jpg,www.personalgrowthcourses.net,16,trf16b.php,,review-legacy-hosted,needs-review,,
resource-0361,media-file,What is most important to you?,https://www.personalgrowthcourses.net/images/heart_colored_pencil.jpg,www.personalgrowthcourses.net,16,trf16b.php,,review-legacy-hosted,needs-review,,
resource-0362,link,available here,http://www.amazon.com/Nonviolent-Communication-Language-Marshall-Rosenberg/dp/1892005034?tag=wanttinfo-20,www.amazon.com,17,trfc17b.php,,review-external-link,needs-review,,
resource-0363,link,Click Here,http://support.personalgrowthcourses.net/user/me/edit/Transformation+Course+-+Lesson+17,support.personalgrowthcourses.net,17,trfc17b.php,,review-external-link,needs-review,,
resource-0364,media-file,dog_master_manifest.jpg,https://www.personalgrowthcourses.net/sacred_cows/dog_master_manifest.jpg,www.personalgrowthcourses.net,17,trfc17a.php,,review-legacy-hosted,needs-review,,
resource-0365,media-file,Dolphin Mandala,https://www.personalgrowthcourses.net/images/dolphinmandala.jpg,www.personalgrowthcourses.net,17,trfc17b.php,,review-legacy-hosted,needs-review,,
resource-0366,link,groups and communities,https://www.WantToKnow.info/resources#community,www.wanttoknow.info,17,trfc17a.php,,review-external-link,needs-review,,
resource-0367,link,http://www.cnvc.org,http://www.cnvc.org,www.cnvc.org,17,trfc17b.php,,review-external-link,needs-review,,
resource-0368,link,https://secure.dailyom.com/cgi-bin/userinfo/set...,https://secure.dailyom.com/cgi-bin/userinfo/settings.cgi?subscribe=1,secure.dailyom.com,17;20,trfc17b.php;trfc20b.php,,review-external-link,needs-review,,
resource-0369,link,https://www.personalgrowthcourses.net/stories/nvc.nonviolent_commu...,https://www.personalgrowthcourses.net/stories/nvc.nonviolent_communication,www.personalgrowthcourses.net,17;21,trfc17a.php;trfc21b.php,,review-legacy-hosted,needs-review,,
resource-0370,link,https://www.personalgrowthcourses.net/stories/simpleprinciples,https://www.personalgrowthcourses.net/stories/simpleprinciples,www.personalgrowthcourses.net,17;21,trfc17a.php;trfc21b.php,legacy-archive|exact-stem|/mnt/c/datasources/transformation-team-site/archive/original-httpdocs/stories/simpleprinciples.php,review-local-page-candidate,needs-review,,
resource-0371,media,https://www.personalgrowthcourses.net/video/nonviolent_communication...,https://www.personalgrowthcourses.net/video/nonviolent_communication_nvc_video_rosenberg,www.personalgrowthcourses.net,17;21,trfc17a.php;trfc21b.php,,review-legacy-hosted,needs-review,,
resource-0372,link,https://www.weboflove.org/050305mockustransformsbogota,https://www.weboflove.org/050305mockustransformsbogota,www.weboflove.org,17;21,trfc17b.php;trfc21b.php,,review-external-link,needs-review,,
resource-0373,link,https://www.weboflove.org/inspiringresources,https://www.weboflove.org/inspiringresources,www.weboflove.org,17;21,trfc17b.php;trfc21b.php,,review-external-link,needs-review,,
resource-0374,link,https://www.weboflove.org/inspiringstories,https://www.weboflove.org/inspiringstories,www.weboflove.org,17,trfc17b.php,,review-external-link,needs-review,,
resource-0375,link,https://www.weboflove.org/keystolife,https://www.weboflove.org/keystolife,www.weboflove.org,17;21,trfc17a.php;trfc21b.php,,review-external-link,needs-review,,
resource-0376,media-file,moonset.jpg,https://www.personalgrowthcourses.net/images/moonset.jpg,www.personalgrowthcourses.net,17,trfc17b.php,,review-legacy-hosted,needs-review,,
resource-0377,media-file,principles_rocks.jpg,https://www.personalgrowthcourses.net/images/principles_rocks.jpg,www.personalgrowthcourses.net,17,trfc17a.php,,review-legacy-hosted,needs-review,,
resource-0378,link,purpose and intentions,https://www.momentoflove.org/lifepurposeintentions,www.momentoflove.org,17,trfc17a.php,,review-external-link,needs-review,,
resource-0379,link,Simple Keys to A Fuller Life,https://www.weboflove.org/keystolife2,www.weboflove.org,17,trfc17a.php,,review-external-link,needs-review,,
resource-0380,link,Transform fear,https://www.momentoflove.org/coreissue,www.momentoflove.org,17,trfc17a.php,,review-external-link,needs-review,,
resource-0381,media,W. Mitchell video,https://www.personalgrowthcourses.net/video/what_matters_w_mitchell,www.personalgrowthcourses.net,17,trfc17a.php,legacy-archive|exact-stem|/mnt/c/datasources/transformation-team-site/archive/original-httpdocs/video/what_matters_w_mitchell.php;WTKvideos|exact-stem|/mnt/c/datasources/WTKvideos/WHAT_MATTERS_W_MITCHELL.mp4,migrate-local-video-candidate,needs-review,,
resource-0382,media,www.personalgrowthcourses.net/video/japanese_teacher_children_life,https://www.personalgrowthcourses.net/video/japanese_teacher_children_life,www.personalgrowthcourses.net,17;21,trfc17b.php;trfc21b.php,,review-legacy-hosted,needs-review,,
resource-0383,link,Click Here,http://support.personalgrowthcourses.net/user/me/edit/Transformation+Course+-+Lesson+18,support.personalgrowthcourses.net,18,trfc18b.php,,review-external-link,needs-review,,
resource-0384,media-file,Crop Circle: The Eye of the Pyramid,https://www.personalgrowthcourses.net/images/cardinal_song_lz.jpg,www.personalgrowthcourses.net,18,trfc18b.php,,review-legacy-hosted,needs-review,,
resource-0385,media-file,dollar_plane.jpg,https://www.personalgrowthcourses.net/images/dollar_plane.jpg,www.personalgrowthcourses.net,18,trfc18a.php,,review-legacy-hosted,needs-review,,
resource-0386,link,Grameen Bank,http://en.wikipedia.org/wiki/Grameen_Bank,en.wikipedia.org,18,trfc18a.php,,review-external-link,needs-review,,
resource-0387,link,Green America website,http://www.greenamerica.org/,www.greenamerica.org,18,trfc18b.php,,review-external-link,needs-review,,
resource-0388,link,http://www.ethicalmarkets.com,http://www.ethicalmarkets.com,www.ethicalmarkets.com,18,trfc18b.php,,review-external-link,needs-review,,
resource-0389,link,http://www.greenamerica.org...,https://www.greenamerica.org/magazine/guide-socially-responsible-investing-and-better-banking,www.greenamerica.org,18,trfc18b.php,,review-external-link,needs-review,,
resource-0390,link,http://www.lynnetwist.com,http://www.lynnetwist.com/,www.lynnetwist.com,18,trfc18b.php,,review-external-link,needs-review,,
resource-0391,link,http://www.monetary.org,http://www.monetary.org,www.monetary.org,18,trfc18b.php,,review-external-link,needs-review,,
resource-0392,link,http://www.pachamama.org/engage/awake...,http://www.pachamama.org/engage/awakening-the-dreamer,www.pachamama.org,18,trfc18b.php,,review-external-link,needs-review,,
resource-0393,link,https://www.personalgrowthcourses.net/stories/speakingwithyourmoney,https://www.personalgrowthcourses.net/stories/speakingwithyourmoney,www.personalgrowthcourses.net,18;21,trfc18a.php;trfc21b.php,legacy-archive|exact-stem|/mnt/c/datasources/transformation-team-site/archive/original-httpdocs/stories/speakingwithyourmoney.php,review-local-page-candidate,needs-review,,
resource-0394,link,https://www.personalgrowthcourses.net/stories/twist.soul_of_money,https://www.personalgrowthcourses.net/stories/twist.soul_of_money,www.personalgrowthcourses.net,18;21,trfc18a.php;trfc21b.php,,review-legacy-hosted,needs-review,,
resource-0395,link,https://www.WantToKnow.info/051023microcredit,https://www.WantToKnow.info/051023microcredit,www.wanttoknow.info,18;21,trfc18b.php;trfc21b.php,,review-external-link,needs-review,,
resource-0396,link,https://www.WantToKnow.info/051230whatmattersinlife,https://www.WantToKnow.info/051230whatmattersinlife,www.wanttoknow.info,18;21,trfc18b.php;trfc21b.php,,review-external-link,needs-review,,
resource-0397,link,https://www.WantToKnow.info/financialbankingcoverup,https://www.WantToKnow.info/financialbankingcoverup,www.wanttoknow.info,18;21,trfc18a.php;trfc21b.php,,review-external-link,needs-review,,
resource-0398,link,https://www.weboflove.org/070416...,https://www.weboflove.org/070416transformingbusinesssocialentrepreneurs,www.weboflove.org,18,trfc18b.php,,review-external-link,needs-review,,
resource-0399,link,John Kenneth Galbraith,http://books.google.com/books?id=ZcwTC-Nhm14C&pg=PA115&lpg=PA115&dq=%22Much+discussion+of+money+involves+a+heavy+overlay+%22&source=bl&ots=RYFffiFOBW&sig=5rv0L4_WUK017aFVZE_DHcG56fo&hl=en&ei=o0gQSq7VEZ_ItAPKvryDAw&sa=X&oi=book_result&ct=result&resnum=9,books.google.com,18,trfc18a.php,,review-external-link,needs-review,,
resource-0400,link,Lauren Zimmerman,http://www.nlightpress.com,www.nlightpress.com,18,trfc18b.php,,review-external-link,needs-review,,
resource-0401,link,Lynne Twist,https://soulofmoney.org/,soulofmoney.org,18,trfc18a.php;trfc18b.php,,review-external-link,needs-review,,
resource-0402,link,microcredit movement,http://en.wikipedia.org/wiki/Microcredit,en.wikipedia.org,18,trfc18a.php,,review-external-link,needs-review,,
resource-0403,link,Muhammad Yunus,http://en.wikipedia.org/wiki/Muhammad_Yunus,en.wikipedia.org,18,trfc18a.php,,review-external-link,needs-review,,
resource-0404,link,Pachamama Alliance,http://www.pachamama.org,www.pachamama.org,18,trfc18b.php,,review-external-link,needs-review,,
resource-0405,media-file,pyramideye.jpg,https://www.personalgrowthcourses.net/images/pyramideye.jpg,www.personalgrowthcourses.net,18,trfc18b.php,,review-legacy-hosted,needs-review,,
resource-0406,media-file,scarcity_abundance.jpg,https://www.personalgrowthcourses.net/sacred_cows/scarcity_abundance.jpg,www.personalgrowthcourses.net,18,trfc18a.php,,review-legacy-hosted,needs-review,,
resource-0407,link,The Soul of Money,http://www.amazon.com/Soul-Money-Reclaiming-Wealth-Resources/dp/039332950X/ref=pd_bbs_sr_1/105-8477226-4271649?tag=wanttinfo-20&ie=UTF8&s=books&qid=1189020864&sr=1-1,www.amazon.com,18,trfc18b.php,,review-external-link,needs-review,,
resource-0408,link,click here,http://www.amazon.com/exec/obidos/ASIN/1556432860/qid%3D980213205/105-7699923-3775135?tag=wanttinfo-20,www.amazon.com,19,trfc19b.php,,review-external-link,needs-review,,
resource-0409,link,Click Here,http://support.personalgrowthcourses.net/user/me/edit/Transformation+Course+-+Lesson+19,support.personalgrowthcourses.net,19,trfc19b.php,,review-external-link,needs-review,,
resource-0410,link,Courtney A. Walsh,https://web.archive.org/web/20150924142151/http://www.courtneyawalsh.com/,web.archive.org,19,trfc19a.php,,review-archived-link,needs-review,,
resource-0411,link,darkness can be a divine teacher,https://www.WantToKnow.info/secret_societies/deep_insider_creation_story,www.wanttoknow.info,19;20,trfc19b.php;trfc20a.php,,review-external-link,needs-review,,
resource-0412,media-file,earthheart.jpg,https://www.personalgrowthcourses.net/images/earthheart.jpg,www.personalgrowthcourses.net,19,trfc19b.php,,review-legacy-hosted,needs-review,,
resource-0413,link,http://psychologytomorrow...,https://web.archive.org/web/20150216133249/http://psychologytomorrowmagazine.com/graceful-guidelines-sexual-healing/,web.archive.org,19,trfc19b.php,,review-archived-link,needs-review,,
resource-0414,link,http://www.amazon.com/Hold-Me-Tight...,http://www.amazon.com/Hold-Me-Tight-Successful-Relationships/dp/0749955481/ref=pd_sim_14_2?ie=UTF8&refRID=1TBMBJ2MKRDWRMBVR8ME,www.amazon.com,19,trfc19b.php,,review-external-link,needs-review,,
resource-0415,link,http://www.hai.org,http://www.hai.org,www.hai.org,19,trfc19b.php,,review-external-link,needs-review,,
resource-0416,link,http://www.sss-now.org,http://www.sss-now.org,www.sss-now.org,19,trfc19b.php,,review-external-link,needs-review,,
resource-0417,link,http://www.yesmagazine.org/issues/sustainable-sex/sacred-sex,https://web.archive.org/web/20170716153840/http://www.yesmagazine.org/issues/sustainable-sex/sacred-sex,web.archive.org,19;21,trfc19a.php;trfc21b.php,,review-archived-link,needs-review,,
resource-0418,link,https://talksex.us,https://talksex.us/,talksex.us,19,trfc19b.php,,review-external-link,needs-review,,
resource-0419,link,https://talksex.us/2016/09/sexual-spiritual-split,https://talksex.us/2016/09/sexual-spiritual-split/,talksex.us,19;21,trfc19a.php;trfc21b.php,,review-external-link,needs-review,,
resource-0420,link,https://www.personalgrowthcourses.net/stories/brennan.relationships,https://www.personalgrowthcourses.net/stories/brennan.relationships,www.personalgrowthcourses.net,19;21,trfc19a.php;trfc21b.php,,review-legacy-hosted,needs-review,,
resource-0421,link,https://www.personalgrowthcourses.net/stories/cousens.intimacy,https://www.personalgrowthcourses.net/stories/cousens.intimacy,www.personalgrowthcourses.net,19;21,trfc19a.php;trfc21b.php,,review-legacy-hosted,needs-review,,
resource-0422,link,https://www.personalgrowthcourses.net/stories/derosier.lovearchetypes,https://www.personalgrowthcourses.net/stories/derosier.lovearchetypes,www.personalgrowthcourses.net,19;21,trfc19b.php;trfc21b.php,,review-legacy-hosted,needs-review,,
resource-0423,link,https://www.personalgrowthcourses.net/stories/rengel.spiritualsex,https://www.personalgrowthcourses.net/stories/rengel.spiritualsex,www.personalgrowthcourses.net,19;21,trfc19a.php;trfc21b.php,,review-legacy-hosted,needs-review,,
resource-0424,media,https://www.personalgrowthcourses.net/video/g/men-women-brains,https://www.personalgrowthcourses.net/video/g/men-women-brains,www.personalgrowthcourses.net,19;21,trfc19b.php;trfc21b.php,WTKvideos|exact-stem|/mnt/c/datasources/WTKvideos/g/MEN-WOMEN-BRAINS.mp4,migrate-local-video-candidate,needs-review,,
resource-0425,media,https://www.personalgrowthcourses.net/video/lip_balm_commercial,https://www.personalgrowthcourses.net/video/lip_balm_commercial,www.personalgrowthcourses.net,19;21,trfc19b.php;trfc21b.php,,review-legacy-hosted,needs-review,,
resource-0426,link,https://www.weboflove.org/070103differencemenwomen,https://www.weboflove.org/070103differencemenwomen,www.weboflove.org,19;21,trfc19b.php;trfc21b.php,,review-external-link,needs-review,,
resource-0427,media-file,Pyramid with Angel and Rainbow Effect,https://www.personalgrowthcourses.net/images/angelinpyramidrainbow.jpg,www.personalgrowthcourses.net,19,trfc19b.php,,review-legacy-hosted,needs-review,,
resource-0428,media-file,Sacred Connections,https://www.personalgrowthcourses.net/images/twiningsoulstbs.gif,www.personalgrowthcourses.net,19,trfc19a.php,,review-legacy-hosted,needs-review,,
resource-0429,link,sacred sexuality,https://web.archive.org/web/20150216133318/http://psychologytomorrowmagazine.com/sexuality-sacred-sex/,web.archive.org,19,trfc19a.php;trfc19b.php,,review-archived-link,needs-review,,
resource-0430,media-file,understand_feel_what.jpg,https://www.personalgrowthcourses.net/sacred_cows/understand_feel_what.jpg,www.personalgrowthcourses.net,19,trfc19a.php,,review-legacy-hosted,needs-review,,
resource-0431,media,www.personalgrowthcourses.net/video/susan_boyle_i_have_a_dream,https://www.personalgrowthcourses.net/video/susan_boyle_i_have_a_dream,www.personalgrowthcourses.net,19;21,trfc19a.php;trfc21b.php,WTKvideos|exact-stem|/mnt/c/datasources/WTKvideos/SUSAN_BOYLE_I_HAVE_A_DREAM.mp4,migrate-local-video-candidate,needs-review,,
resource-0432,link,Aleksandr Solzhenitsyn,https://medium.com/@pourbrew/who-is-willing-to-destroy-a-piece-of-his-own-heart-4b7491666b00,medium.com,20,trfc20a.php,,review-external-link,needs-review,,
resource-0433,media-file,bondage_of_duality.jpg,https://www.personalgrowthcourses.net/sacred_cows/bondage_of_duality.jpg,www.personalgrowthcourses.net,20,trfc20a.php,,review-legacy-hosted,needs-review,,
resource-0434,media,click here,https://www.personalgrowthcourses.net/video/3d_hologram,www.personalgrowthcourses.net,20,trfc20b.php,WTKvideos|normalized-stem|/mnt/c/datasources/WTKvideos/3D-HOLOGRAM.mp4,migrate-local-video-candidate,needs-review,,
resource-0435,link,Click Here,http://support.personalgrowthcourses.net/user/me/edit/Transformation+Course+-+Lesson+20,support.personalgrowthcourses.net,20,trfc20b.php,,review-external-link,needs-review,,
resource-0436,link,Coral Castle,http://coralcastle.com,coralcastle.com,20,trfc20b.php,,review-external-link,needs-review,,
resource-0437,link,holographic universe,http://www.amazon.com/exec/obidos/ASIN/0060922583/qid=1073095915/sr=2-1/ref=sr_2_1/102-5947862-1271341?tag=wanttinfo-20,www.amazon.com,20,trfc20b.php,,review-external-link,needs-review,,
resource-0438,link,http://www.amazon.com/Tao-Ching-25th...,http://www.amazon.com/Tao-Ching-25th-Anniversary-Lao-Tsu/dp/0679776192/ref=pd_bbs_2?tag=wanttinfo-20&ie=UTF8&s=books&qid=1213939883&sr=1-2,www.amazon.com,20,trfc20b.php,,review-external-link,needs-review,,
resource-0439,link,http://www.dailyom.com,http://www.dailyom.com,www.dailyom.com,20,trfc20b.php,,review-external-link,needs-review,,
resource-0440,link,http://www.dailyom.com/articles/2007/9469.html,https://web.archive.org/web/20090223153003/http://www.dailyom.com/articles/2007/9469.html,web.archive.org,20,trfc20a.php,,review-archived-link,needs-review,,
resource-0441,link,http://www.ted.com,http://www.ted.com,www.ted.com,20,trfc20b.php,,review-external-link,needs-review,,
resource-0442,link,https://www.amazon.com/What-Bleep-Do-We-Know/dp/B0006UEVQ8,https://www.amazon.com/What-Bleep-Do-We-Know/dp/B0006UEVQ8,www.amazon.com,20,trfc20b.php,,review-external-link,needs-review,,
resource-0443,link,https://www.personalgrowthcourses.net/g/way_of_the_wise_01,https://www.personalgrowthcourses.net/g/way_of_the_wise_01,www.personalgrowthcourses.net,20;21,trfc20a.php;trfc21b.php,,review-legacy-hosted,needs-review,,
resource-0444,link,https://www.personalgrowthcourses.net/g/way_of_the_wise_02,https://www.personalgrowthcourses.net/g/way_of_the_wise_02,www.personalgrowthcourses.net,20;21,trfc20a.php;trfc21b.php,,review-legacy-hosted,needs-review,,
resource-0445,link,https://www.personalgrowthcourses.net/stories/talbot.universe_hologram,https://www.personalgrowthcourses.net/stories/talbot.universe_hologram,www.personalgrowthcourses.net,20;21,trfc20b.php;trfc21b.php,,review-legacy-hosted,needs-review,,
resource-0446,media,https://www.personalgrowthcourses.net/video/milgram_experiment,https://www.personalgrowthcourses.net/video/milgram_experiment,www.personalgrowthcourses.net,20;21,trfc20a.php;trfc21b.php,WTKvideos|exact-stem|/mnt/c/datasources/WTKvideos/MILGRAM_EXPERIMENT.mp4,migrate-local-video-candidate,needs-review,,
resource-0447,media,https://www.personalgrowthcourses.net/video/stanford_prison_experiment,https://www.personalgrowthcourses.net/video/stanford_prison_experiment,www.personalgrowthcourses.net,20;21,trfc20a.php;trfc21b.php,WTKvideos|exact-stem|/mnt/c/datasources/WTKvideos/STANFORD_PRISON_EXPERIMENT.mp4,migrate-local-video-candidate,needs-review,,
resource-0448,link,life is holographic,http://www.scribd.com/doc/15765052/Our-World-May-Be-a-Giant-Hologram,www.scribd.com,20,trfc20b.php,,review-external-link,needs-review,,
resource-0449,link,Milgram Experiment,http://en.wikipedia.org/wiki/Milgram_experiment,en.wikipedia.org,20,trfc20a.php,,review-external-link,needs-review,,
resource-0450,link,physicists,http://en.wikipedia.org/wiki/Holonomic_brain_theory,en.wikipedia.org,20,trfc20b.php,,review-external-link,needs-review,,
resource-0451,link,powerful poem,http://en.wikipedia.org/wiki/First_they_came...,en.wikipedia.org,20,trfc20a.php,,review-external-link,needs-review,,
resource-0452,link,resonant reflection,https://www.WantToKnow.info/wingmakers#gratitude,www.wanttoknow.info,20,trfc20b.php,,review-external-link,needs-review,,
resource-0453,link,Stanford Prison Experiment,http://en.wikipedia.org/wiki/Stanford_prison_experiment,en.wikipedia.org,20,trfc20a.php,,review-external-link,needs-review,,
resource-0454,media-file,Yin Yang Photo: Transcending Duality,https://www.personalgrowthcourses.net/images/yinyangphoto.jpg,www.personalgrowthcourses.net,20,trfc20b.php,,review-legacy-hosted,needs-review,,
resource-0455,media-file,Yin Yang Photo: Transcending Duality,https://www.personalgrowthcourses.net/images/heart_table.gif,www.personalgrowthcourses.net,20,trfc20b.php,,review-legacy-hosted,needs-review,,
resource-0456,media-file,Yin Yang Symbol: Transcending Duality,https://www.personalgrowthcourses.net/images/yinyang.jpg,www.personalgrowthcourses.net,20,trfc20a.php,,review-legacy-hosted,needs-review,,
resource-0457,link,501(c)(3) nonprofit,https://www.peerservice.org/501c3nonprofitstatus,www.peerservice.org,21,trfc21c.php,,review-external-link,needs-review,,
resource-0458,link,an atheist,https://www.WantToKnow.info/061218newsarticles#akiane,www.wanttoknow.info,21,trfc21a.php,,review-external-link,needs-review,,
resource-0459,link,an entire movement,http://www.freehugscampaign.org,www.freehugscampaign.org,21,trfc21a.php,,review-external-link,needs-review,,
resource-0460,link,available here,http://www.nytimes.com/2006/01/12/fashion/thursdaystyles/12INDIGO.html?ex=1294722000&en=f6e3081fa1ad8ae6&ei=5090&partner=rssuserland&emc=rss,www.nytimes.com,21,trfc21a.php,,review-external-link,needs-review,,
resource-0461,link,Bill Pay,https://www.peerservice.org/bill-pay,www.peerservice.org,21,trfc21c.php,,review-external-link,needs-review,,
resource-0462,link,Bioneers,http://www.bioneers.org/,www.bioneers.org,21,trfc21a.php,,review-external-link,needs-review,,
resource-0463,link,click here,http://www.akiane.com,www.akiane.com,21,trfc21a.php,,review-external-link,needs-review,,
resource-0464,link,click here,https://www.transformationteam.net/ttcourse/ttlessonfinal,www.transformationteam.net,21,trfc21b.php,legacy-archive|exact-stem|/mnt/c/datasources/transformation-team-site/archive/original-httpdocs/ttcourse/ttlessonfinal.php,review-local-page-candidate,needs-review,,
resource-0465,link,contact us,https://www.transformationteam.net/contactustt,www.transformationteam.net,21,trfc21c.php,legacy-archive|exact-stem|/mnt/c/datasources/transformation-team-site/archive/original-httpdocs/contactustt.php,review-local-page-candidate,needs-review,,
resource-0466,media-file,Donate,https://www.transformationteam.net/checkout/checkout_paypal.jpg,www.transformationteam.net,21,trfc21c.php,,review-legacy-hosted,needs-review,,
resource-0467,link,Donate,https://donorbox.org/peers-transformation-course,donorbox.org,21,trfc21c.php,,review-external-link,needs-review,,
resource-0468,link,Donorbox,https://donorbox.org/,donorbox.org,21,trfc21c.php,,review-external-link,needs-review,,
resource-0469,media-file,dove_child.jpg,https://www.personalgrowthcourses.net/images/dove_child.jpg,www.personalgrowthcourses.net,21,trfc21b.php,,review-legacy-hosted,needs-review,,
resource-0470,media-file,Girl Meditating with Inner Tree,https://www.personalgrowthcourses.net/images/girltreemeditating.jpg,www.personalgrowthcourses.net,21,trfc21b.php,,review-legacy-hosted,needs-review,,
resource-0471,link,Google video search,https://www.google.com/search?q='free+hugs'&num=40&tbm=vid,www.google.com,21,trfc21a.php,,review-external-link,needs-review,,
resource-0472,link,http://www.dailyom.com/articles/2007/9469.html,http://www.dailyom.com/articles/2007/9469.html,www.dailyom.com,21,trfc21b.php,,review-external-link,needs-review,,
resource-0473,media-file,Interconnected Like a Flower of Life,https://www.personalgrowthcourses.net/images/floweroflifesimple.jpg,www.personalgrowthcourses.net,21,trfc21c.php,,review-legacy-hosted,needs-review,,
resource-0474,media-file,interconnectedness_dolphins.jpg,https://www.personalgrowthcourses.net/images/interconnectedness_dolphins.jpg,www.personalgrowthcourses.net,21,trfc21a.php,,review-legacy-hosted,needs-review,,
resource-0475,media-file,PayPal QR Code,https://www.personalgrowthcourses.net/images/paypalqrcode.png,www.personalgrowthcourses.net,21,trfc21c.php,,review-legacy-hosted,needs-review,,
resource-0476,link,PEERS,https://www.peerservice.org,www.peerservice.org,21,trfc21c.php,,review-external-link,needs-review,,
resource-0477,link,Pronoia,http://www.amazon.com/exec/obidos/tg/detail/-/1583941231/qid=1117646708/sr=1-1/ref=sr_1_1/104-8504044-3522341?tag=wanttinfo-20&v=glance&s=books,www.amazon.com,21,trfc21b.php,,review-external-link,needs-review,,
resource-0478,media-file,random_kindness_plead.jpg,https://www.personalgrowthcourses.net/sacred_cows/random_kindness_plead.jpg,www.personalgrowthcourses.net,21,trfc21c.php,,review-legacy-hosted,needs-review,,
resource-0479,link,"Religions, Values, and Peak Experiences",http://www.amazon.com/Religions-Values-Experiences-Abraham-Maslow/dp/0140194878?tag=wanttinfo-20,www.amazon.com,21,trfc21b.php,,review-external-link,needs-review,,
resource-0480,link,Rob Brezsny,http://www.freewillastrology.com,www.freewillastrology.com,21,trfc21b.php,,review-external-link,needs-review,,
resource-0481,link,Stripe,https://stripe.com/,stripe.com,21,trfc21c.php,,review-external-link,needs-review,,
resource-0482,media-file,We're all interconnected,https://www.personalgrowthcourses.net/images/sixpersonconnect.jpg,www.personalgrowthcourses.net,21,trfc21a.php,,review-legacy-hosted,needs-review,,
resource-0483,media,www.personalgrowthcourses.net/video/akiane_prodigy...,https://www.personalgrowthcourses.net/video/akiane_prodigy_child_artist,www.personalgrowthcourses.net,21,trfc21a.php;trfc21b.php,legacy-archive|exact-stem|/mnt/c/datasources/transformation-team-site/archive/original-httpdocs/video/akiane_prodigy_child_artist.php,review-local-page-candidate,needs-review,,
resource-0484,media,www.personalgrowthcourses.net/video/blessed...,https://www.personalgrowthcourses.net/video/blessed_unrest_hawken,www.personalgrowthcourses.net,21,trfc21a.php;trfc21b.php,,review-legacy-hosted,needs-review,,
resource-0485,media,www.personalgrowthcourses.net/video/free_hugs_campaign,https://www.personalgrowthcourses.net/video/free_hugs_campaign,www.personalgrowthcourses.net,21,trfc21a.php;trfc21b.php,legacy-archive|exact-stem|/mnt/c/datasources/transformation-team-site/archive/original-httpdocs/video/free_hugs_campaign.php,review-local-page-candidate,needs-review,,
resource-0486,link,www.weboflove.org/boyslastwish,https://www.weboflove.org/boyslastwish,www.weboflove.org,21,trfc21a.php;trfc21b.php,,review-external-link,needs-review,,
